0 255 163 163 37 37 0 0 37 191 191 255 255 191 0 0 0 0 0 0 0 0 0 204 204 37 0 0 133 133 255 255 99 0 0 99 99 37 0 0 133 133 255 255 99 0 0 99 99 0 0 0 243 243 255 255 204 0 0 0 0 0 0 0 255 255 255 255 243 0 0 0 0 0 0 0 255 255 255 255 255 0 0 0 0 0 0 0 255 255 255 255 255 0 0 0 0 0 0 0 255 255 255 255 255 0 0 0 0 0 0 0 255 255 255 255 243 0 0 0 0 0 0 0 243 243 255 255 204 0 0 0 0 0 0 0 243 243 255 255 204 0 0 0 0 37 0 0 133 133 255 255 99 0 0 99 99 177 0 0 0 0 0 0 0 0 0 204 204 255 163 163 37 37 0 0 37 191 191 255 255 255 163 163 37 37 0 0 37 191 191 255 255
0 255 255 255 0 0 0 0 0 255 255 255 255 255 0 0 255 255 255 255 255 0 0 255 255 0 255 255 255 255 255 255 255 255 255 0 0 0 255 255 255 255 255 255 255 255 255 0 0 0 255 255 255 255 255 255 255 255 255 0 0 0 255 255 255 255 255 255 255 255 255 0 0 0 255 255 255 255 255 255 255 255 255 0 0 0 255 255 255 255 255 255 255 255 255 0 0 0 255 255 255 255 255 255 255 255 255 0 0 0 255 255 255 255 255 255 255 255 255 0 0 0 255 255 255 255 255 255 255 255 255 0 0 0 255 255 255 255 255 255 255 255 255 0 0 0 255 255 255 255 255 255 255 255 255 0 0 255 0 0 255 255 255 255 255 0 0 255 255 255 255 255 0 0 0 0 0 255 255 255 255 255 255 255 0 0 0 0 0 255 255 255 255
0 243 116 116 0 0 0 0 60 204 204 255 255 60 0 0 0 0 0 0 0 0 0 230 230 60 0 0 0 0 0 0 0 0 0 230 230 0 0 0 230 230 243 243 37 0 0 163 163 0 133 133 255 255 255 255 148 0 0 116 116 0 133 133 255 255 255 255 148 0 0 116 116 0 148 148 255 255 255 255 148 0 0 81 81 0 148 148 255 255 255 255 148 0 0 81 81 0 148 148 255 255 255 255 148 0 0 81 81 0 133 133 255 255 255 255 148 0 0 133 133 0 133 133 255 255 255 255 148 0 0 133 133 0 37 37 243 243 243 243 37 0 0 177 177 37 0 0 0 0 0 0 0 37 37 243 243 37 0 0 0 0 0 0 0 37 37 243 243 217 81 81 0 0 0 0 99 217 217 255 255 217 81 81 0 0 0 0 99 217 217 255 255
0 243 116 116 0 0 0 0 81 81 217 217 0 81 60 60 243 243 243 243 116 116 37 37 0 81 60 60 243 243 243 243 116 116 37 37 0 0 217 217 255 255 255 255 243 243 0 0 0 0 255 255 255 255 255 255 255 255 0 0 0 0 255 255 255 255 255 255 255 255 0 0 0 0 255 255 255 255 255 255 255 255 81 81 0 0 255 255 255 255 255 255 255 255 81 81 0 0 255 255 255 255 255 255 255 255 81 81 0 0 255 255 255 255 255 255 255 255 0 0 0 0 255 255 255 255 255 255 255 255 0 0 0 0 217 217 255 255 255 255 230 230 0 0 0 60 99 99 243 243 243 243 116 116 60 60 0 60 99 99 243 243 243 243 116 116 60 60 0 230 99 99 0 0 0 0 99 99 243 243 0 230 99 99 0 0 0 0 99 99 243 243 0
0 255 148 148 0 0 0 0 148 148 255 255 0 148 0 0 217 217 217 217 0 0 148 148 0 148 0 0 217 217 217 217 0 0 148 148 0 0 37 37 255 255 255 255 60 60 0 0 0 0 81 81 255 255 255 255 81 81 0 0 0 0 81 81 255 255 255 255 81 81 0 0 0 0 81 81 255 255 255 255 81 81 0 0 0 0 81 81 255 255 255 255 81 81 0 0 0 0 81 81 255 255 255 255 81 81 0 0 0 0 81 81 255 255 255 255 81 81 0 0 0 0 81 81 255 255 255 255 81 81 0 0 0 0 0 0 255 255 255 255 60 60 0 0 0 0 0 0 255 255 255 255 60 60 0 0 0 148 0 0 217 217 217 217 0 0 148 148 0 255 148 148 0 0 0 0 148 148 255 255 0 255 148 148 0 0 0 0 148 148 255 255 0
0 255 255 255 0 0 0 0 255 255 255 255 0 255 0 0 255 255 255 255 0 0 255 255 0 255 0 0 255 255 255 255 0 0 255 255 0 0 255 255 255 255 255 255 255 255 0 0 0 0 255 255 255 255 255 255 255 255 0 0 0 0 255 255 255 255 255 255 255 255 0 0 0 0 255 255 255 255 255 255 255 255 0 0 0 0 255 255 255 255 255 255 255 255 0 0 0 0 255 255 255 255 255 255 255 255 0 0 0 0 255 255 255 255 255 255 255 255 0 0 0 0 255 255 255 255 255 255 255 255 0 0 0 0 255 255 255 255 255 255 255 255 0 0 0 0 255 255 255 255 255 255 255 255 0 0 0 255 0 0 255 255 255 255 0 0 255 255 0 255 255 255 0 0 0 0 255 255 255 255 0 255 255 255 0 0 0 0 255 255 255 255 0
0 255 243 243 116 0 0 0 37 37 191 255 255 255 60 60 0 0 0 0 0 0 0 177 177 255 60 60 0 0 0 0 0 0 0 177 177 177 0 0 37 230 230 255 163 163 0 37 37 99 0 0 177 255 255 204 81 81 0 0 0 99 0 0 177 255 255 204 81 81 0 0 0 81 0 0 177 99 99 0 0 0 0 0 0 81 0 0 177 99 99 0 0 0 0 0 0 81 0 0 0 0 0 37 177 177 81 0 0 81 0 0 0 148 148 243 255 255 0 0 0 81 0 0 0 148 148 243 255 255 0 0 0 163 0 0 60 230 230 255 116 116 0 37 37 243 0 0 0 0 0 0 0 0 0 191 191 243 0 0 0 0 0 0 0 0 0 191 191 255 230 230 99 0 0 0 60 60 204 255 255 255 230 230 99 0 0 0 60 60 204 255 255
0 243 133 133 0 0 0 0 60 217 217 255 255 99 60 60 230 230 243 243 116 0 0 230 230 99 60 60 230 230 243 243 116 0 0 230 230 0 217 217 255 255 255 255 243 0 0 133 133 0 255 255 255 255 255 255 148 0 0 81 81 0 255 255 255 255 255 255 148 0 0 81 81 81 255 255 217 217 60 60 99 133 133 81 81 81 255 255 217 217 60 60 99 133 133 81 81 81 148 148 0 0 191 191 255 148 148 81 81 0 81 81 243 243 255 255 255 116 116 81 81 0 81 81 243 243 255 255 255 116 116 81 81 0 191 191 255 255 255 255 255 37 37 163 163 81 60 60 230 230 243 243 116 0 0 243 243 81 60 60 230 230 243 243 116 0 0 243 243 243 116 116 0 0 0 0 99 217 217 255 255 243 116 116 0 0 0 0 99 217 217 255 255
0 255 255 0 0 0 0 0 0 0 255 255 255 255 0 0 0 255 255 255 255 0 0 255 255 0 0 255 255 255 255 255 255 255 0 0 0 0 0 255 255 255 255 255 255 255 0 0 0 0 0 255 255 255 255 255 255 255 0 0 0 0 0 255 255 255 255 255 255 255 0 0 0 0 0 255 255 255 255 255 255 255 0 0 0 0 0 255 255 255 255 255 255 255 0 0 0 0 0 255 255 255 255 255 255 255 0 0 0 0 0 255 255 255 255 255 255 255 0 0 0 0 0 255 255 255 255 255 255 255 0 0 0 0 0 255 255 255 255 255 255 255 0 0 0 0 0 255 255 255 255 255 255 255 0 0 0 255 0 0 0 255 255 255 255 0 0 255 255 255 255 0 0 0 0 0 0 0 255 255 255 255 255 0 0 0 0 0 0 0 255 255 255
0 255 255 255 0 0 0 0 0 0 255 255 255 255 0 0 255 255 255 255 255 255 0 255 255 0 255 255 255 255 255 255 255 255 255 0 0 0 255 255 255 255 255 255 255 255 255 0 0 0 255 255 255 255 255 255 255 255 255 0 0 0 255 255 255 255 255 255 255 255 255 0 0 0 255 255 255 255 255 255 255 255 255 0 0 0 255 255 255 255 255 255 255 255 255 0 0 0 255 255 255 255 255 255 255 255 255 0 0 0 255 255 255 255 255 255 255 255 255 0 0 0 255 255 255 255 255 255 255 255 255 0 0 0 255 255 255 255 255 255 255 255 255 0 0 0 255 255 255 255 255 255 255 255 255 0 0 255 0 0 255 255 255 255 255 255 0 255 255 255 255 255 0 0 0 0 0 0 255 255 255 255 255 255 0 0 0 0 0 0 255 255 255
0 255 255 0 0 0 0 0 0 0 255 255 255 255 0 0 0 255 255 255 255 0 0 255 255 0 0 255 255 255 255 255 255 255 0 0 0 0 0 255 255 255 255 255 255 255 0 0 0 0 0 255 255 255 255 255 255 255 0 0 0 0 0 255 255 255 255 255 255 255 0 0 0 0 0 255 255 255 255 255 255 255 0 0 0 0 0 255 255 255 255 255 255 255 0 0 0 0 0 255 255 255 255 255 255 255 0 0 0 0 0 255 255 255 255 255 255 255 0 0 0 0 0 255 255 255 255 255 255 255 0 0 0 0 0 255 255 255 255 255 255 255 0 0 0 0 0 255 255 255 255 255 255 255 0 0 0 255 0 0 0 255 255 255 255 0 0 255 255 255 255 0 0 0 0 0 0 0 255 255 255 255 255 0 0 0 0 0 0 0 255 255 255
0 255 255 255 0 0 0 0 0 0 255 255 255 255 0 0 255 255 255 255 255 255 0 255 255 0 255 255 255 255 255 255 255 255 255 0 0 0 255 255 255 255 255 255 255 255 255 0 0 0 255 255 255 255 255 255 255 255 255 0 0 0 255 255 255 255 255 255 255 255 255 0 0 0 255 255 255 255 255 255 255 255 255 0 0 0 255 255 255 255 255 255 255 255 255 0 0 0 255 255 255 255 255 255 255 255 255 0 0 0 255 255 255 255 255 255 255 255 255 0 0 0 255 255 255 255 255 255 255 255 255 0 0 0 255 255 255 255 255 255 255 255 255 0 0 0 255 255 255 255 255 255 255 255 255 0 0 255 0 0 255 255 255 255 255 255 0 255 255 255 255 255 0 0 0 0 0 0 255 255 255 255 255 255 0 0 0 0 0 0 255 255 255
0 255 191 191 60 60 0 0 0 116 116 243 243 177 0 0 0 0 0 0 0 0 0 81 81 177 0 0 0 0 0 0 0 0 0 81 81 0 0 0 99 99 255 255 163 0 0 0 0 0 0 0 204 204 255 255 243 0 0 0 0 0 0 0 204 204 255 255 243 0 0 0 0 0 0 0 243 243 255 255 255 0 0 0 0 0 0 0 255 255 255 255 255 0 0 0 0 0 0 0 243 243 255 255 255 0 0 0 0 0 0 0 243 243 255 255 255 0 0 0 0 0 0 0 204 204 255 255 243 0 0 0 0 0 0 0 99 99 255 255 148 0 0 0 0 0 0 0 99 99 255 255 148 0 0 0 0 133 0 0 0 0 0 0 0 0 0 133 133 255 148 148 37 37 0 0 37 148 148 255 255 255 148 148 37 37 0 0 37 148 148 255 255
0 255 177 177 37 37 0 0 37 191 191 255 255 191 0 0 204 204 255 255 163 0 0 217 217 191 0 0 204 204 255 255 163 0 0 217 217 37 163 163 255 255 255 255 255 81 81 116 116 0 217 217 255 255 255 255 255 148 148 37 37 0 217 217 255 255 255 255 255 148 148 37 37 0 255 255 255 255 255 255 255 191 191 0 0 0 255 255 255 255 255 255 255 204 204 0 0 0 255 255 255 255 255 255 255 204 204 0 0 0 255 255 255 255 255 255 255 204 204 0 0 0 230 230 255 255 255 255 255 148 148 60 60 0 177 177 255 255 255 255 255 81 81 133 133 0 177 177 255 255 255 255 255 81 81 133 133 148 0 0 204 204 255 255 163 0 0 243 243 255 148 148 0 0 0 0 81 217 217 255 255 255 148 148 0 0 0 0 81 217 217 255 255
0 255 191 191 37 37 0 0 37 177 177 255 255 230 0 0 133 133 255 255 177 0 0 204 204 230 0 0 133 133 255 255 177 0 0 204 204 116 0 0 255 255 255 255 255 60 60 81 81 37 81 81 255 255 255 255 255 133 133 0 0 37 81 81 255 255 255 255 255 133 133 0 0 0 81 81 255 255 255 255 255 148 148 0 0 0 81 81 255 255 255 255 255 148 148 0 0 0 81 81 255 255 255 255 255 148 148 0 0 37 81 81 255 255 255 255 255 133 133 0 0 37 81 81 255 255 255 255 255 133 133 0 0 116 0 0 255 255 255 255 255 60 60 81 81 230 0 0 133 133 255 255 177 0 0 204 204 230 0 0 133 133 255 255 177 0 0 204 204 255 191 191 37 37 0 0 37 177 177 255 255 255 191 191 37 37 0 0 37 177 177 255 255
0 255 0 0 0 0 0 0 0 0 255 255 0 0 255 255 255 255 255 255 255 255 0 0 0 0 255 255 255 255 255 255 255 255 0 0 0 0 255 255 255 255 255 255 255 255 0 0 0 0 255 255 255 255 255 255 255 255 0 0 0 0 255 255 255 255 255 255 255 255 0 0 0 0 255 255 255 255 255 255 255 255 0 0 0 0 255 255 255 255 255 255 255 255 0 0 0 0 255 255 255 255 255 255 255 255 0 0 0 0 255 255 255 255 255 255 255 255 0 0 0 0 255 255 255 255 255 255 255 255 0 0 0 0 255 255 255 255 255 255 255 255 0 0 0 0 255 255 255 255 255 255 255 255 0 0 0 0 255 255 255 255 255 255 255 255 0 0 0 255 0 0 0 0 0 0 0 0 255 255 0 255 0 0 0 0 0 0 0 0 255 255 0
0 255 255 255 0 0 0 0 0 0 255 255 255 255 0 0 0 255 255 255 0 0 0 255 255 255 0 0 0 255 255 255 0 0 0 255 255 0 0 0 255 255 255 255 255 255 0 0 0 0 0 0 255 255 255 255 255 255 0 0 0 0 0 0 255 255 255 255 255 255 0 0 0 0 0 0 255 255 255 255 255 255 0 0 0 0 0 0 255 255 255 255 255 255 0 0 0 0 0 0 255 255 255 255 255 255 0 0 0 0 0 0 255 255 255 255 255 255 0 0 0 0 0 0 255 255 255 255 255 255 0 0 0 0 0 0 255 255 255 255 255 255 0 0 0 255 0 0 0 255 255 255 0 0 0 255 255 255 0 0 0 255 255 255 0 0 0 255 255 255 255 255 0 0 0 0 0 0 255 255 255 255 255 255 0 0 0 0 0 0 255 255 255
0 255 255 255 0 0 0 0 0 0 255 255 255 255 0 0 255 255 255 255 255 255 0 255 255 255 0 0 255 255 255 255 255 255 0 255 255 0 255 255 255 255 255 255 255 255 255 0 0 0 255 255 255 255 255 255 255 255 255 0 0 0 255 255 255 255 255 255 255 255 255 0 0 0 255 255 255 255 255 255 255 255 255 0 0 0 255 255 255 255 255 255 255 255 255 0 0 0 255 255 255 255 255 255 255 255 255 0 0 0 255 255 255 255 255 255 255 255 255 0 0 0 255 255 255 255 255 255 255 255 255 0 0 0 255 255 255 255 255 255 255 255 255 0 0 255 0 0 255 255 255 255 255 255 0 255 255 255 0 0 255 255 255 255 255 255 0 255 255 255 255 255 0 0 0 0 0 0 255 255 255 255 255 255 0 0 0 0 0 0 255 255 255
0 255 204 204 60 0 0 0 99 99 230 255 255 204 0 0 0 0 0 0 0 0 37 243 243 204 0 0 0 0 0 0 0 0 37 243 243 37 0 0 148 255 255 230 37 37 0 177 177 0 0 0 255 255 255 255 163 163 0 99 99 0 0 0 255 255 255 255 163 163 0 99 99 0 81 81 255 255 255 255 204 204 0 81 81 0 81 81 255 255 255 255 204 204 0 81 81 0 81 81 255 255 255 255 204 204 0 81 81 0 81 81 255 255 255 255 204 204 0 81 81 0 0 0 255 255 255 255 163 163 0 133 133 0 0 0 148 255 255 230 37 37 0 204 204 0 0 0 148 255 255 230 37 37 0 204 204 163 0 0 0 0 0 0 0 0 81 255 255 255 163 163 37 0 0 0 133 133 243 255 255 255 163 163 37 0 0 0 133 133 243 255 255
0 255 255 255 0 0 0 0 0 255 255 255 255 255 0 0 255 255 255 255 255 0 0 255 255 255 0 0 255 255 255 255 255 0 0 255 255 0 255 255 255 255 255 255 255 255 255 0 0 0 255 255 255 255 255 255 255 255 255 0 0 0 255 255 255 255 255 255 255 255 255 0 0 0 255 255 255 255 255 255 255 255 255 0 0 0 255 255 255 255 255 255 255 255 255 0 0 0 255 255 255 255 255 255 255 255 255 0 0 0 255 255 255 255 255 255 255 255 255 0 0 0 255 255 255 255 255 255 255 255 255 0 0 0 255 255 255 255 255 255 255 255 255 0 0 0 255 255 255 255 255 255 255 255 255 0 0 255 0 0 255 255 255 255 255 0 0 255 255 255 255 255 0 0 0 0 0 255 255 255 255 255 255 255 0 0 0 0 0 255 255 255 255
0 255 191 191 60 60 0 0 0 99 99 230 230 204 0 0 60 60 243 243 163 0 0 60 60 204 0 0 60 60 243 243 163 0 0 60 60 99 0 0 163 163 255 255 255 0 0 0 0 0 0 0 204 204 255 255 255 81 81 0 0 0 0 0 204 204 255 255 255 81 81 0 0 0 0 0 204 204 255 255 255 81 81 0 0 0 0 0 204 204 255 255 255 81 81 0 0 0 0 0 204 204 255 255 255 81 81 0 0 0 0 0 204 204 255 255 255 81 81 0 0 0 0 0 204 204 255 255 255 81 81 0 0 60 0 0 148 148 255 255 255 0 0 0 0 177 0 0 37 37 243 243 177 0 0 81 81 177 0 0 37 37 243 243 177 0 0 81 81 255 163 163 37 37 0 0 0 116 116 243 243 255 163 163 37 37 0 0 0 116 116 243 243
0 255 191 191 37 37 0 0 37 177 177 255 255 204 0 0 177 177 255 255 148 0 0 204 204 204 0 0 177 177 255 255 148 0 0 204 204 116 60 60 255 255 255 255 255 0 0 116 116 37 133 133 255 255 255 255 255 81 81 81 81 37 133 133 255 255 255 255 255 81 81 81 81 0 148 148 255 255 255 255 255 81 81 0 0 0 148 148 255 255 255 255 255 81 81 0 0 0 148 148 255 255 255 255 255 81 81 0 0 0 133 133 255 255 255 255 255 81 81 81 81 0 133 133 255 255 255 255 255 81 81 81 81 99 60 60 255 255 255 255 255 37 37 133 133 191 0 0 177 177 255 255 163 0 0 230 230 191 0 0 177 177 255 255 163 0 0 230 230 255 148 148 0 0 0 0 60 204 204 255 255 255 148 148 0 0 0 0 60 204 204 255 255
0 255 191 191 37 0 0 0 99 99 204 255 255 204 0 0 37 243 243 204 0 0 0 191 191 81 0 0 148 255 255 255 116 116 0 37 37 81 0 0 148 255 255 255 116 116 0 37 37 0 0 0 177 255 255 255 191 191 0 0 0 0 0 0 204 255 255 255 204 204 0 0 0 0 0 0 204 255 255 255 204 204 0 0 0 0 0 0 204 255 255 255 204 204 0 0 0 0 0 0 204 255 255 255 204 204 0 0 0 0 0 0 204 255 255 255 204 204 0 0 0 0 0 0 177 255 255 255 191 191 0 0 0 0 0 0 177 255 255 255 191 191 0 0 0 81 0 0 148 255 255 255 116 116 0 37 37 217 0 0 37 243 243 204 0 0 0 191 191 255 191 191 37 0 0 0 99 99 204 255 255 255 191 191 37 0 0 0 99 99 204 255 255
0 255 255 255 0 0 0 0 0 255 255 255 255 255 0 0 255 255 255 255 255 0 0 255 255 255 0 0 255 255 255 255 255 0 0 255 255 255 0 0 255 255 255 255 255 0 0 255 255 0 255 255 255 255 255 255 255 255 255 0 0 0 255 255 255 255 255 255 255 255 255 0 0 0 255 255 255 255 255 255 255 255 255 0 0 0 255 255 255 255 255 255 255 255 255 0 0 0 255 255 255 255 255 255 255 255 255 0 0 0 255 255 255 255 255 255 255 255 255 0 0 0 255 255 255 255 255 255 255 255 255 0 0 0 255 255 255 255 255 255 255 255 255 0 0 255 0 0 255 255 255 255 255 0 0 255 255 255 0 0 255 255 255 255 255 0 0 255 255 255 255 255 0 0 0 0 0 255 255 255 255 255 255 255 0 0 0 0 0 255 255 255 255
0 255 255 255 0 0 0 0 0 0 255 255 255 255 0 0 0 0 0 0 0 0 0 255 255 255 0 0 0 0 0 0 0 0 0 255 255 0 0 0 0 255 255 255 0 0 0 0 0 0 0 0 0 255 255 255 0 0 0 0 0 0 0 0 0 255 255 255 0 0 0 0 0 0 0 0 0 255 255 255 0 0 0 0 0 0 0 0 0 255 255 255 0 0 0 0 0 0 0 0 0 255 255 255 0 0 0 0 0 0 0 0 0 255 255 255 0 0 0 0 0 0 0 0 0 255 255 255 0 0 0 0 0 0 0 0 0 255 255 255 0 0 0 0 0 0 0 0 0 255 255 255 0 0 0 0 0 255 0 0 0 0 0 0 0 0 0 255 255 255 255 255 0 0 0 0 0 0 255 255 255 255 255 255 0 0 0 0 0 0 255 255 255
0 255 255 255 0 0 0 0 0 255 255 255 255 255 0 0 0 0 255 255 0 0 0 255 255 255 0 0 0 0 255 255 0 0 0 255 255 0 0 0 255 255 255 255 255 0 0 0 0 0 0 0 255 255 255 255 255 0 0 0 0 0 0 0 255 255 255 255 255 0 0 0 0 0 0 0 255 255 255 255 255 0 0 0 0 0 0 0 255 255 255 255 255 0 0 0 0 0 0 0 255 255 255 255 255 0 0 0 0 0 0 0 255 255 255 255 255 0 0 0 0 0 0 0 255 255 255 255 255 0 0 0 0 0 0 0 255 255 255 255 255 0 0 0 0 0 0 0 255 255 255 255 255 0 0 0 0 255 0 0 0 0 255 255 0 0 0 255 255 255 255 255 0 0 0 0 0 255 255 255 255 255 255 255 0 0 0 0 0 255 255 255 255
0 243 116 116 0 0 0 0 37 148 148 255 255 116 0 0 0 0 0 0 0 0 0 148 148 116 0 0 0 0 0 0 0 0 0 148 148 0 0 0 163 163 255 255 99 0 0 81 81 0 0 0 204 204 255 255 204 0 0 81 81 0 0 0 204 204 255 255 204 0 0 81 81 0 0 0 204 204 255 255 204 0 0 81 81 0 0 0 204 204 255 255 204 0 0 81 81 0 0 0 204 204 255 255 204 0 0 81 81 0 0 0 204 204 255 255 204 0 0 81 81 0 0 0 204 204 255 255 204 0 0 81 81 0 0 0 163 163 255 255 99 0 0 81 81 0 0 0 163 163 255 255 99 0 0 81 81 116 0 0 0 0 0 0 0 0 0 148 148 243 116 116 0 0 0 0 37 148 148 255 255 243 116 116 0 0 0 0 37 148 148 255 255
0 255 133 133 0 0 0 0 37 148 148 255 255 148 0 0 0 0 0 0 0 0 0 191 191 148 0 0 0 0 0 0 0 0 0 191 191 81 0 0 217 217 255 255 204 0 0 116 116 81 81 81 255 255 255 255 255 0 0 81 81 81 81 81 255 255 255 255 255 0 0 81 81 81 81 81 255 255 255 255 255 0 0 81 81 81 81 81 255 255 255 255 255 0 0 81 81 81 81 81 255 255 255 255 255 0 0 81 81 81 81 81 255 255 255 255 255 0 0 81 81 81 81 81 255 255 255 255 255 0 0 81 81 81 0 0 217 217 255 255 204 0 0 116 116 81 0 0 217 217 255 255 204 0 0 116 116 148 0 0 0 0 0 0 0 0 0 191 191 255 133 133 0 0 0 0 37 148 148 255 255 255 133 133 0 0 0 0 37 148 148 255 255
0 255 217 217 99 0 0 0 99 99 217 255 255 217 0 0 0 0 0 0 0 0 0 230 230 81 0 0 0 0 0 0 0 0 0 99 99 81 0 0 0 0 0 0 0 0 0 99 99 0 0 0 116 243 243 243 116 116 0 0 0 0 37 37 255 255 255 255 243 243 0 0 0 0 81 81 255 255 255 255 255 255 0 0 0 0 81 81 255 255 255 255 255 255 0 0 0 0 81 81 255 255 255 255 255 255 0 0 0 0 60 60 255 255 255 255 217 217 0 0 0 0 0 0 163 255 255 230 60 60 0 37 37 0 0 0 163 255 255 230 60 60 0 37 37 37 0 0 0 0 0 0 0 0 0 116 116 191 0 0 0 0 0 0 0 0 0 243 243 255 191 191 60 0 0 0 99 99 230 255 255 255 191 191 60 0 0 0 99 99 230 255 255
0 255 217 217 99 0 0 0 99 99 217 255 255 217 0 0 0 0 0 0 0 0 0 230 230 60 0 0 163 243 243 255 163 163 0 116 116 60 0 0 163 243 243 255 163 163 0 116 116 0 148 148 255 255 255 255 255 255 81 0 0 0 230 230 255 255 255 255 255 255 148 0 0 0 255 255 255 255 255 255 255 255 148 0 0 0 255 255 255 255 255 255 255 255 148 0 0 0 255 255 255 255 255 255 255 255 148 0 0 0 217 217 255 255 255 255 255 255 133 0 0 0 148 148 255 255 255 255 243 243 37 60 60 0 148 148 255 255 255 255 243 243 37 60 60 37 0 0 177 255 255 230 116 116 0 148 148 191 0 0 0 0 0 0 0 0 37 243 243 255 191 191 60 0 0 0 116 116 243 255 255 255 191 191 60 0 0 0 116 116 243 255 255
0 255 255 255 0 0 0 0 0 0 255 255 255 255 0 0 0 255 255 255 0 0 0 255 255 255 0 0 0 255 255 255 0 0 0 255 255 255 0 0 0 255 255 255 0 0 0 255 255 0 0 0 255 255 255 255 255 255 0 0 0 0 0 0 255 255 255 255 255 255 0 0 0 0 0 0 255 255 255 255 255 255 0 0 0 0 0 0 255 255 255 255 255 255 0 0 0 0 0 0 255 255 255 255 255 255 0 0 0 0 0 0 255 255 255 255 255 255 0 0 0 0 0 0 255 255 255 255 255 255 0 0 0 0 0 0 255 255 255 255 255 255 0 0 0 255 0 0 0 255 255 255 0 0 0 255 255 255 0 0 0 255 255 255 0 0 0 255 255 255 255 255 0 0 0 0 0 0 255 255 255 255 255 255 0 0 0 0 0 0 255 255 255
0 255 255 255 0 0 0 0 0 255 255 255 255 255 0 0 255 255 255 255 255 0 0 255 255 255 0 0 255 255 255 255 255 0 0 255 255 255 0 0 255 255 255 255 255 0 0 255 255 0 255 255 255 255 255 255 255 255 255 0 0 0 255 255 255 255 255 255 255 255 255 0 0 0 255 255 255 255 255 255 255 255 255 0 0 0 255 255 255 255 255 255 255 255 255 0 0 0 255 255 255 255 255 255 255 255 255 0 0 0 255 255 255 255 255 255 255 255 255 0 0 0 255 255 255 255 255 255 255 255 255 0 0 0 255 255 255 255 255 255 255 255 255 0 0 255 0 0 255 255 255 255 255 0 0 255 255 255 0 0 255 255 255 255 255 0 0 255 255 255 255 255 0 0 0 0 0 255 255 255 255 255 255 255 0 0 0 0 0 255 255 255 255
0 243 116 116 0 0 0 0 37 177 177 255 255 243 116 116 0 0 0 0 37 177 177 255 255 81 37 37 230 230 243 243 99 0 0 191 191 81 37 37 230 230 243 243 99 0 0 191 191 0 133 133 255 255 255 255 204 0 0 99 99 0 133 133 255 255 255 255 204 0 0 99 99 0 148 148 255 255 255 255 255 0 0 81 81 0 148 148 255 255 255 255 255 0 0 81 81 0 116 116 255 255 255 255 230 0 0 116 116 0 116 116 255 255 255 255 230 0 0 116 116 0 116 116 255 255 255 255 230 0 0 116 116 0 0 0 217 217 255 255 133 0 0 204 204 0 0 0 217 217 255 255 133 0 0 204 204 217 99 99 0 0 0 0 60 191 191 255 255 217 99 99 0 0 0 0 60 191 191 255 255 0 0 0 0 0 0 0 0 0 0 0 0
0 255 148 148 37 37 0 0 37 148 148 255 255 255 148 148 37 37 0 0 37 148 148 255 255 148 37 37 230 230 255 255 204 0 0 177 177 148 37 37 230 230 255 255 204 0 0 177 177 0 177 177 255 255 255 255 255 116 116 81 81 0 177 177 255 255 255 255 255 116 116 81 81 0 204 204 255 255 255 255 255 148 148 0 0 0 204 204 255 255 255 255 255 148 148 0 0 0 163 163 255 255 255 255 255 133 133 81 81 0 163 163 255 255 255 255 255 133 133 81 81 0 163 163 255 255 255 255 255 133 133 81 81 133 0 0 204 204 255 255 204 0 0 191 191 133 0 0 204 204 255 255 204 0 0 191 191 255 133 133 0 0 0 0 37 191 191 255 255 255 133 133 0 0 0 0 37 191 191 255 255 0 0 0 0 0 0 0 0 0 0 0 0
0 230 99 99 0 0 0 0 60 204 204 255 255 230 99 99 0 0 0 0 60 204 204 255 255 0 37 37 230 230 243 243 81 0 0 230 230 0 37 37 230 230 243 243 81 0 0 230 230 0 148 148 255 255 255 255 191 0 0 133 133 0 148 148 255 255 255 255 191 0 0 133 133 0 148 148 255 255 255 255 204 0 0 81 81 0 148 148 255 255 255 255 204 0 0 81 81 0 148 148 255 255 255 255 191 0 0 133 133 0 148 148 255 255 255 255 191 0 0 133 133 0 148 148 255 255 255 255 191 0 0 133 133 0 37 37 230 230 243 243 81 0 0 230 230 0 37 37 230 230 243 243 81 0 0 230 230 230 99 99 0 0 0 0 60 204 204 255 255 230 99 99 0 0 0 0 60 204 204 255 255 0 0 0 0 0 0 0 0 0 0 0 0
0 243 116 116 0 0 0 0 99 99 217 217 0 243 116 116 0 0 0 0 99 99 217 217 0 81 116 116 243 243 243 243 116 116 37 37 0 81 116 116 243 243 243 243 116 116 37 37 0 0 243 243 255 255 255 255 255 255 37 37 0 0 243 243 255 255 255 255 255 255 37 37 0 37 255 255 255 255 255 255 255 255 81 81 0 37 255 255 255 255 255 255 255 255 81 81 0 0 243 243 255 255 255 255 255 255 37 37 0 0 243 243 255 255 255 255 255 255 37 37 0 0 243 243 255 255 255 255 255 255 37 37 0 60 116 116 243 243 243 243 133 133 37 37 0 60 116 116 243 243 243 243 133 133 37 37 0 243 116 116 0 0 0 0 99 99 230 230 0 243 116 116 0 0 0 0 99 99 230 230 0 0 0 0 0 0 0 0 0 0 0 0 0
0 243 133 133 37 37 0 0 0 99 99 230 230 243 133 133 37 37 0 0 0 99 99 230 230 81 0 0 177 177 255 255 177 0 0 0 0 81 0 0 177 177 255 255 177 0 0 0 0 0 37 37 255 255 255 255 255 60 60 0 0 0 37 37 255 255 255 255 255 60 60 0 0 0 81 81 255 255 255 255 255 81 81 0 0 0 81 81 255 255 255 255 255 81 81 0 0 0 0 0 255 255 255 255 255 60 60 0 0 0 0 0 255 255 255 255 255 60 60 0 0 0 0 0 255 255 255 255 255 60 60 0 0 60 0 0 148 148 255 255 191 0 0 60 60 60 0 0 148 148 255 255 191 0 0 60 60 243 116 116 0 0 0 0 0 116 116 243 243 243 116 116 0 0 0 0 0 116 116 243 243 0 0 0 0 0 0 0 0 0 0 0 0
0 243 116 116 0 0 0 0 37 163 163 255 255 243 116 116 0 0 0 0 37 163 163 255 255 60 99 99 243 243 255 255 163 0 0 163 163 60 99 99 243 243 255 255 163 0 0 163 163 0 217 217 255 255 255 255 255 99 99 81 81 0 217 217 255 255 255 255 255 99 99 81 81 0 255 255 255 255 255 255 255 148 148 0 0 0 255 255 255 255 255 255 255 148 148 0 0 0 204 204 255 255 255 255 255 99 99 99 99 0 204 204 255 255 255 255 255 99 99 99 99 0 204 204 255 255 255 255 255 99 99 99 99 60 60 60 230 230 255 255 204 0 0 204 204 60 60 60 230 230 255 255 204 0 0 204 204 243 116 116 0 0 0 0 60 191 191 255 255 243 116 116 0 0 0 0 60 191 191 255 255 0 0 0 0 0 0 0 0 0 0 0 0
1 255 255 255 255 255 255 99 99 99 0 0 0 255 255 255 255 177 177 0 0 0 0 0 0 230 230 99 99 0 0 0 0 0 0 0 0 230 230 99 99 0 0 0 0 0 0 0 0 81 81 0 0 60 60 0 0 0 0 0 0 116 116 148 148 255 255 0 0 0 0 0 0 255 255 255 255 255 255 0 0 0 0 0 0 255 255 255 255 255 255 0 0 0 0 0 0 255 255 255 255 255 255 0 0 0 0 0 0 255 255 255 255 255 255 0 0 0 0 0 0 255 255 255 255 255 255 0 0 0 0 0 0 255 255 255 255 255 255 0 0 0 0 0 0 255 255 255 255 255 255 0 0 0 0 0 0 255 255 255 255 255 255 0 0 0 0 0 0 255 255 255 255 255 255 0 0 0 0 0 0 255 255 255 255 255 255 0 0 0 0 0 0
1 255 255 255 255 255 255 255 255 0 0 0 0 255 255 255 255 255 0 0 0 0 0 0 0 255 255 0 0 0 255 255 255 0 0 0 0 255 255 0 0 0 255 255 255 0 0 0 0 0 0 255 255 255 255 255 255 0 0 0 0 255 255 255 255 255 255 255 255 0 0 0 0 255 255 255 255 255 255 255 255 0 0 0 0 255 255 255 255 255 255 255 255 0 0 0 0 255 255 255 255 255 255 255 255 0 0 0 0 255 255 255 255 255 255 255 255 0 0 0 0 255 255 255 255 255 255 255 255 0 0 0 0 255 255 255 255 255 255 255 255 0 0 0 0 255 255 255 255 255 255 255 255 0 0 0 0 255 255 255 255 255 255 255 255 0 0 0 0 255 255 255 255 255 255 255 255 0 0 0 0 255 255 255 255 255 255 255 255 0 0 0 0
1 255 217 217 60 60 0 0 148 148 255 255 0 163 0 0 0 0 0 0 148 148 255 255 0 163 0 0 0 0 0 0 148 148 255 255 0 81 148 148 60 60 0 0 148 148 255 255 0 255 255 255 81 81 0 0 148 148 255 255 0 255 255 255 81 81 0 0 148 148 255 255 0 255 255 255 81 81 0 0 148 148 255 255 0 255 255 255 81 81 0 0 148 148 255 255 0 255 255 255 81 81 0 0 148 148 255 255 0 255 255 255 81 81 0 0 148 148 255 255 0 255 255 255 81 81 0 0 148 148 255 255 0 255 255 255 81 81 0 0 148 148 255 255 0 81 0 0 0 0 0 0 0 0 0 0 0 81 0 0 0 0 0 0 0 0 0 0 0 81 0 0 0 0 0 0 0 0 0 0 0 81 0 0 0 0 0 0 0 0 0 0 0
1 255 255 133 133 0 0 217 217 217 255 255 0 60 60 0 0 0 0 204 204 204 255 255 0 60 60 0 0 0 0 204 204 204 255 255 0 116 116 177 177 0 0 204 204 204 255 255 0 255 255 204 204 0 0 204 204 204 255 255 0 255 255 204 204 0 0 204 204 204 255 255 0 255 255 204 204 0 0 204 204 204 255 255 0 255 255 204 204 0 0 204 204 204 255 255 0 255 255 204 204 0 0 204 204 204 255 255 0 255 255 204 204 0 0 204 204 204 255 255 0 255 255 204 204 0 0 204 204 204 255 255 0 255 255 204 204 0 0 204 204 204 255 255 0 255 255 204 204 0 0 204 204 204 255 255 0 255 255 204 204 0 0 204 204 204 255 255 0 0 0 0 0 0 0 0 0 0 0 0 0 0 0 0 0 0 0 0 0 0 0 0 0
1 116 60 60 0 0 0 0 204 204 255 255 0 255 255 255 0 0 0 0 204 204 255 255 0 255 255 255 0 0 0 0 204 204 255 255 0 255 255 255 0 0 0 0 204 204 255 255 0 255 255 255 0 0 0 0 204 204 255 255 0 255 255 255 0 0 0 0 204 204 255 255 0 255 255 255 0 0 0 0 204 204 255 255 0 255 255 255 0 0 0 0 204 204 255 255 0 255 255 255 0 0 0 0 204 204 255 255 0 255 255 255 0 0 0 0 204 204 255 255 0 255 255 255 0 0 0 0 204 204 255 255 0 255 255 255 0 0 0 0 204 204 255 255 0 255 255 255 0 0 0 0 204 204 255 255 0 255 217 217 0 0 0 0 191 191 255 255 0 81 0 0 0 0 0 0 0 0 81 81 0 81 0 0 0 0 0 0 0 0 81 81 0
1 255 255 255 255 255 0 0 0 255 255 255 0 0 0 0 0 0 0 0 0 255 255 255 0 0 0 0 0 0 0 0 0 255 255 255 0 255 255 255 255 255 0 0 0 255 255 255 0 255 255 255 255 255 0 0 0 255 255 255 0 255 255 255 255 255 0 0 0 255 255 255 0 255 255 255 255 255 0 0 0 255 255 255 0 255 255 255 255 255 0 0 0 255 255 255 0 255 255 255 255 255 0 0 0 255 255 255 0 255 255 255 255 255 0 0 0 255 255 255 0 255 255 255 255 255 0 0 0 255 255 255 0 255 255 255 255 255 0 0 0 255 255 255 0 255 255 255 255 255 0 0 0 255 255 255 0 255 255 255 255 255 0 0 0 255 255 255 0 255 255 0 0 0 0 0 0 0 0 0 0 255 255 0 0 0 0 0 0 0 0 0 0
1 191 133 133 37 37 0 0 148 255 255 255 255 0 0 0 0 0 0 0 148 255 255 255 255 0 0 0 0 0 0 0 148 255 255 255 255 81 177 177 148 148 0 0 148 255 255 255 255 255 255 255 148 148 0 0 148 255 255 255 255 255 255 255 148 148 0 0 148 255 255 255 255 255 255 255 148 148 0 0 148 255 255 255 255 255 255 255 148 148 0 0 148 255 255 255 255 255 255 255 148 148 0 0 148 255 255 255 255 255 255 255 148 148 0 0 148 255 255 255 255 255 255 255 148 148 0 0 148 255 255 255 255 255 255 255 148 148 0 0 148 255 255 255 255 0 0 0 0 0 0 0 0 0 0 81 81 0 0 0 0 0 0 0 0 0 0 81 81 0 0 0 0 0 0 0 0 0 0 81 81 0 0 0 0 0 0 0 0 0 0 81 81
1 255 243 243 99 99 0 0 204 204 255 255 0 163 37 37 163 163 0 0 204 204 255 255 0 163 37 37 163 163 0 0 204 204 255 255 0 81 230 230 204 204 0 0 204 204 255 255 0 255 255 255 204 204 0 0 204 204 255 255 0 255 255 255 204 204 0 0 204 204 255 255 0 255 255 255 204 204 0 0 204 204 255 255 0 255 255 255 204 204 0 0 204 204 255 255 0 255 255 255 204 204 0 0 204 204 255 255 0 255 255 255 204 204 0 0 204 204 255 255 0 255 255 255 204 204 0 0 204 204 255 255 0 255 255 255 204 204 0 0 204 204 255 255 0 255 255 255 204 204 0 0 204 204 255 255 0 255 255 255 204 204 0 0 204 204 255 255 0 0 0 0 0 0 0 0 0 0 0 0 0 0 0 0 0 0 0 0 0 0 0 0 0
1 255 255 255 0 0 0 0 255 255 255 255 0 0 0 0 0 0 0 0 255 255 255 255 0 255 255 255 0 0 0 0 255 255 255 255 0 255 255 255 0 0 0 0 255 255 255 255 0 255 255 255 0 0 0 0 255 255 255 255 0 255 255 255 0 0 0 0 255 255 255 255 0 255 255 255 0 0 0 0 255 255 255 255 0 255 255 255 0 0 0 0 255 255 255 255 0 255 255 255 0 0 0 0 255 255 255 255 0 255 255 255 0 0 0 0 255 255 255 255 0 255 255 255 0 0 0 0 255 255 255 255 0 255 255 255 0 0 0 0 255 255 255 255 0 255 255 255 0 0 0 0 255 255 255 255 0 255 255 255 0 0 0 0 255 255 255 255 0 0 0 0 0 0 0 0 0 0 0 0 0 0 0 0 0 0 0 0 0 0 0 0 0
1 255 255 255 255 0 0 255 255 255 255 255 0 255 255 255 255 0 0 255 255 255 255 255 0 0 0 0 0 0 0 255 255 255 255 255 0 0 0 0 0 0 0 255 255 255 255 255 0 255 255 255 255 0 0 255 255 255 255 255 0 255 255 255 255 0 0 255 255 255 255 255 0 255 255 255 255 0 0 255 255 255 255 255 0 255 255 255 255 0 0 255 255 255 255 255 0 255 255 255 255 0 0 255 255 255 255 255 0 255 255 255 255 0 0 255 255 255 255 255 0 255 255 255 255 0 0 255 255 255 255 255 0 255 255 255 255 0 0 255 255 255 255 255 0 255 255 255 255 0 0 255 255 255 255 255 0 255 255 255 255 0 0 255 255 255 255 255 0 0 0 0 0 0 0 0 0 0 0 0 0 0 0 0 0 0 0 0 0 0 0 0 0
1 255 255 255 0 0 0 0 255 255 255 255 0 255 255 255 0 0 0 0 255 255 255 255 0 0 0 0 0 0 0 0 255 255 255 255 0 0 0 0 0 0 0 0 255 255 255 255 0 255 255 255 0 0 0 0 255 255 255 255 0 255 255 255 0 0 0 0 255 255 255 255 0 255 255 255 0 0 0 0 255 255 255 255 0 255 255 255 0 0 0 0 255 255 255 255 0 255 255 255 0 0 0 0 255 255 255 255 0 255 255 255 0 0 0 0 255 255 255 255 0 255 255 255 0 0 0 0 255 255 255 255 0 255 255 255 0 0 0 0 255 255 255 255 0 255 255 255 0 0 0 0 255 255 255 255 0 255 255 255 0 0 0 0 255 255 255 255 0 0 0 0 0 0 0 0 0 0 0 0 0 0 0 0 0 0 0 0 0 0 0 0 0
1 255 255 255 255 0 0 255 255 255 255 255 0 255 255 255 255 0 0 255 255 255 255 255 0 0 0 0 0 0 0 255 255 255 255 255 0 0 0 0 0 0 0 255 255 255 255 255 0 255 255 255 255 0 0 255 255 255 255 255 0 255 255 255 255 0 0 255 255 255 255 255 0 255 255 255 255 0 0 255 255 255 255 255 0 255 255 255 255 0 0 255 255 255 255 255 0 255 255 255 255 0 0 255 255 255 255 255 0 255 255 255 255 0 0 255 255 255 255 255 0 255 255 255 255 0 0 255 255 255 255 255 0 255 255 255 255 0 0 255 255 255 255 255 0 255 255 255 255 0 0 255 255 255 255 255 0 255 255 255 255 0 0 255 255 255 255 255 0 0 0 0 0 0 0 0 0 0 0 0 0 0 0 0 0 0 0 0 0 0 0 0 0
1 255 255 255 255 255 133 133 133 0 0 0 0 177 177 37 37 37 0 0 0 0 0 0 0 177 177 37 37 37 0 0 0 0 0 0 0 0 0 0 0 0 0 0 0 0 0 0 0 60 60 191 191 191 0 0 0 0 0 0 0 60 60 191 191 191 0 0 0 0 0 0 0 255 255 255 255 255 0 0 0 0 0 0 0 255 255 255 255 255 0 0 0 0 0 0 0 255 255 255 255 255 0 0 0 0 0 0 0 255 255 255 255 255 0 0 0 0 0 0 0 255 255 255 255 255 0 0 0 0 0 0 0 255 255 255 255 255 0 0 0 0 0 0 0 255 255 255 255 255 0 0 0 0 0 0 0 255 255 255 255 255 0 0 0 0 0 0 0 255 255 255 255 255 0 0 0 0 0 0 0 255 255 255 255 255 0 0 0 0 0 0 0
1 255 255 243 243 243 148 148 148 81 81 81 0 133 133 0 0 0 0 0 0 81 81 81 0 133 133 0 0 0 0 0 0 81 81 81 0 81 81 204 204 204 81 81 81 81 81 81 0 255 255 255 255 255 81 81 81 81 81 81 0 255 255 255 255 255 81 81 81 81 81 81 0 255 255 255 255 255 81 81 81 81 81 81 0 255 255 255 255 255 81 81 81 81 81 81 0 255 255 255 255 255 81 81 81 81 81 81 0 255 255 255 255 255 81 81 81 81 81 81 0 255 255 255 255 255 81 81 81 81 81 81 0 255 255 255 255 255 81 81 81 81 81 81 0 255 255 255 255 255 81 81 81 81 81 81 0 255 255 255 255 255 81 81 81 81 81 81 0 255 255 255 255 255 81 81 81 81 81 81 0 255 255 255 255 255 81 81 81 81 81 81 0
1 217 163 163 116 116 60 60 148 255 255 255 255 37 37 37 60 60 0 0 148 255 255 255 255 37 37 37 60 60 0 0 148 255 255 255 255 255 255 255 204 204 0 0 148 255 255 255 255 255 255 255 204 204 0 0 148 255 255 255 255 255 255 255 204 204 0 0 148 255 255 255 255 255 255 255 204 204 0 0 148 255 255 255 255 255 255 255 204 204 0 0 148 255 255 255 255 255 255 255 204 204 0 0 148 255 255 255 255 255 255 255 204 204 0 0 148 255 255 255 255 255 255 255 204 204 0 0 148 255 255 255 255 255 255 255 204 204 0 0 148 255 255 255 255 255 255 255 204 204 0 0 148 255 255 255 255 255 255 255 204 204 0 0 148 255 255 255 255 0 0 0 0 0 0 0 0 0 0 0 0 0 0 0 0 0 0 0 0 0 0 0 0
1 255 255 255 0 0 0 0 255 255 255 255 255 0 0 0 255 255 0 0 255 255 255 255 255 0 0 0 255 255 0 0 255 255 255 255 255 255 255 255 255 255 0 0 255 255 255 255 255 255 255 255 255 255 0 0 255 255 255 255 255 255 255 255 255 255 0 0 255 255 255 255 255 255 255 255 255 255 0 0 255 255 255 255 255 255 255 255 255 255 0 0 255 255 255 255 255 255 255 255 255 255 0 0 255 255 255 255 255 255 255 255 255 255 0 0 255 255 255 255 255 255 255 255 255 255 0 0 255 255 255 255 255 255 255 255 255 255 0 0 255 255 255 255 255 255 255 255 255 255 0 0 255 255 255 255 255 255 255 255 255 255 0 0 255 255 255 255 255 0 0 0 0 0 0 0 0 0 0 0 0 0 0 0 0 0 0 0 0 0 0 0 0
1 255 255 255 0 0 0 0 255 255 255 255 0 0 0 0 0 0 0 0 255 255 255 255 0 0 0 0 0 0 0 0 255 255 255 255 0 255 255 255 0 0 0 0 255 255 255 255 0 255 255 255 0 0 0 0 255 255 255 255 0 255 255 255 0 0 0 0 255 255 255 255 0 255 255 255 0 0 0 0 255 255 255 255 0 255 255 255 0 0 0 0 255 255 255 255 0 255 255 255 0 0 0 0 255 255 255 255 0 255 255 255 0 0 0 0 255 255 255 255 0 255 255 255 0 0 0 0 255 255 255 255 0 255 255 255 0 0 0 0 255 255 255 255 0 255 255 255 0 0 0 0 255 255 255 255 0 255 255 255 0 0 0 0 255 255 255 255 0 0 0 0 0 0 0 0 0 0 0 0 0 0 0 0 0 0 0 0 0 0 0 0 0
1 255 255 255 255 0 0 255 255 255 255 255 0 0 0 0 0 0 0 255 255 255 255 255 0 0 0 0 0 0 0 255 255 255 255 255 0 255 255 255 255 0 0 255 255 255 255 255 0 255 255 255 255 0 0 255 255 255 255 255 0 255 255 255 255 0 0 255 255 255 255 255 0 255 255 255 255 0 0 255 255 255 255 255 0 255 255 255 255 0 0 255 255 255 255 255 0 255 255 255 255 0 0 255 255 255 255 255 0 255 255 255 255 0 0 255 255 255 255 255 0 255 255 255 255 0 0 255 255 255 255 255 0 255 255 255 255 0 0 255 255 255 255 255 0 255 255 255 255 0 0 255 255 255 255 255 0 255 255 255 255 0 0 255 255 255 255 255 0 0 0 0 0 0 0 0 0 0 0 0 0 0 0 0 0 0 0 0 0 0 0 0 0
1 255 255 255 255 255 255 255 255 99 99 99 0 255 255 243 243 243 116 116 116 0 0 0 0 255 255 243 243 243 116 116 116 0 0 0 0 204 204 60 60 60 0 0 0 0 0 0 0 0 0 0 0 0 0 0 0 0 0 0 0 0 0 0 0 0 0 0 0 0 0 0 0 81 81 204 204 204 148 148 148 0 0 0 0 255 255 255 255 255 148 148 148 0 0 0 0 255 255 255 255 255 148 148 148 0 0 0 0 255 255 255 255 255 148 148 148 0 0 0 0 255 255 255 255 255 148 148 148 0 0 0 0 255 255 255 255 255 148 148 148 0 0 0 0 255 255 255 255 255 148 148 148 0 0 0 0 255 255 255 255 255 148 148 148 0 0 0 0 255 255 255 255 255 148 148 148 0 0 0 0 255 255 255 255 255 148 148 148 0 0 0 0
1 255 255 255 255 255 255 0 0 0 0 0 0 255 255 0 0 0 0 0 0 0 0 0 0 255 255 0 0 0 0 0 0 0 0 0 0 255 255 0 0 0 0 0 0 0 0 0 0 0 0 255 255 255 255 0 0 0 0 0 0 0 0 255 255 255 255 0 0 0 0 0 0 255 255 255 255 255 255 0 0 0 0 0 0 255 255 255 255 255 255 0 0 0 0 0 0 255 255 255 255 255 255 0 0 0 0 0 0 255 255 255 255 255 255 0 0 0 0 0 0 255 255 255 255 255 255 0 0 0 0 0 0 255 255 255 255 255 255 0 0 0 0 0 0 255 255 255 255 255 255 0 0 0 0 0 0 255 255 255 255 255 255 0 0 0 0 0 0 255 255 255 255 255 255 0 0 0 0 0 0 255 255 255 255 255 255 0 0 0 0 0 0
1 255 230 230 116 116 0 0 204 204 255 255 0 116 0 0 0 0 0 0 204 204 255 255 0 116 0 0 0 0 0 0 204 204 255 255 0 148 163 163 0 0 0 0 204 204 255 255 0 255 204 204 0 0 0 0 204 204 255 255 0 255 204 204 0 0 0 0 204 204 255 255 0 255 204 204 0 0 0 0 204 204 255 255 0 255 204 204 0 0 0 0 204 204 255 255 0 255 204 204 0 0 0 0 204 204 255 255 0 255 204 204 0 0 0 0 204 204 255 255 0 255 204 204 0 0 0 0 204 204 255 255 0 255 204 204 0 0 0 0 204 204 255 255 0 255 191 191 0 0 0 0 191 191 255 255 0 255 191 191 0 0 0 0 191 191 255 255 0 81 0 0 0 0 0 0 0 0 81 81 0 81 0 0 0 0 0 0 0 0 81 81 0
1 255 255 243 243 99 99 191 191 191 255 255 0 191 191 0 0 0 0 204 204 204 255 255 0 191 191 0 0 0 0 204 204 204 255 255 0 148 148 255 255 0 0 204 204 204 255 255 0 255 255 255 255 0 0 204 204 204 255 255 0 255 255 255 255 0 0 204 204 204 255 255 0 255 255 255 255 0 0 204 204 204 255 255 0 255 255 255 255 0 0 204 204 204 255 255 0 255 255 255 255 0 0 204 204 204 255 255 0 255 255 255 255 0 0 204 204 204 255 255 0 255 255 255 255 0 0 204 204 204 255 255 0 255 255 255 255 0 0 204 204 204 255 255 0 255 255 243 243 0 0 177 177 177 255 255 0 255 255 243 243 0 0 177 177 177 255 255 0 81 81 0 0 0 0 0 0 0 81 81 0 81 81 0 0 0 0 0 0 0 81 81 0
1 255 255 255 191 133 133 60 204 204 255 255 255 81 0 0 60 0 0 0 204 204 255 255 255 217 255 255 204 0 0 0 204 204 255 255 255 217 255 255 204 0 0 0 204 204 255 255 255 255 255 255 204 0 0 0 204 204 255 255 255 255 255 255 204 0 0 0 204 204 255 255 255 255 255 255 204 0 0 0 204 204 255 255 255 255 255 255 204 0 0 0 204 204 255 255 255 255 255 255 204 0 0 0 204 204 255 255 255 255 255 255 204 0 0 0 204 204 255 255 255 255 255 255 204 0 0 0 204 204 255 255 255 255 255 255 204 0 0 0 204 204 255 255 255 255 255 255 204 0 0 0 204 204 255 255 255 255 255 255 204 0 0 0 204 204 255 255 255 0 0 0 0 0 0 0 0 0 0 0 0 0 0 0 0 0 0 0 0 0 0 0 0
1 255 255 255 255 255 0 0 255 255 255 255 255 0 0 0 0 0 0 0 255 255 255 255 255 255 255 255 255 255 0 0 255 255 255 255 255 255 255 255 255 255 0 0 255 255 255 255 255 255 255 255 255 255 0 0 255 255 255 255 255 255 255 255 255 255 0 0 255 255 255 255 255 255 255 255 255 255 0 0 255 255 255 255 255 255 255 255 255 255 0 0 255 255 255 255 255 255 255 255 255 255 0 0 255 255 255 255 255 255 255 255 255 255 0 0 255 255 255 255 255 255 255 255 255 255 0 0 255 255 255 255 255 255 255 255 255 255 0 0 255 255 255 255 255 255 255 255 255 255 0 0 255 255 255 255 255 255 255 255 255 255 0 0 255 255 255 255 255 0 0 0 0 0 0 0 0 0 0 0 0 0 0 0 0 0 0 0 0 0 0 0 0
1 255 255 255 255 0 0 0 0 0 255 255 255 255 255 255 255 0 0 0 0 0 255 255 255 255 255 255 255 0 0 0 0 0 255 255 255 255 0 0 0 0 0 0 0 0 255 255 255 0 0 0 255 0 0 0 0 0 255 255 255 0 0 0 255 0 0 0 0 0 255 255 255 255 255 255 255 0 0 0 0 0 255 255 255 255 255 255 255 0 0 0 0 0 255 255 255 255 255 255 255 0 0 0 0 0 255 255 255 255 255 255 255 0 0 0 0 0 255 255 255 255 255 255 255 0 0 0 0 0 255 255 255 255 255 255 255 0 0 0 0 0 255 255 255 255 255 255 255 0 0 0 0 0 255 255 255 255 255 255 255 0 0 0 0 0 255 255 255 0 0 0 0 0 0 0 0 0 0 0 0 0 0 0 0 0 0 0 0 0 0 0 0
1 255 255 255 255 255 0 0 0 255 255 255 255 255 255 255 255 255 0 0 0 255 255 255 255 255 255 255 255 255 0 0 0 255 255 255 255 255 0 0 0 0 0 0 0 255 255 255 255 0 255 255 255 255 0 0 0 255 255 255 255 0 255 255 255 255 0 0 0 255 255 255 255 255 255 255 255 255 0 0 0 255 255 255 255 255 255 255 255 255 0 0 0 255 255 255 255 255 255 255 255 255 0 0 0 255 255 255 255 255 255 255 255 255 0 0 0 255 255 255 255 255 255 255 255 255 0 0 0 255 255 255 255 255 255 255 255 255 0 0 0 255 255 255 255 255 255 255 255 255 0 0 0 255 255 255 255 255 255 255 255 255 0 0 0 255 255 255 255 0 0 0 0 0 0 0 0 0 0 0 0 0 0 0 0 0 0 0 0 0 0 0 0
1 116 116 0 0 0 0 0 0 0 0 0 0 0 0 0 0 0 0 0 0 0 0 0 0 0 0 0 0 0 0 0 0 0 0 0 0 116 116 0 0 0 0 0 0 0 0 0 0 255 255 0 0 0 0 0 0 0 0 0 0 255 255 0 0 0 0 0 0 0 0 0 0 255 255 0 0 0 0 0 0 0 0 0 0 255 255 0 0 0 0 0 0 0 0 0 0 255 255 0 0 0 0 0 0 0 0 0 0 255 255 0 0 0 0 0 0 0 0 0 0 255 255 0 0 0 0 0 0 0 0 0 0 255 255 0 0 0 0 0 0 0 0 0 0 255 255 0 0 0 0 0 0 0 0 0 0 255 255 0 0 0 0 0 0 0 0 0 0 255 255 0 0 0 0 0 0 0 0 0 0 255 255 0 0 0 0 0 0 0 0 0 0
1 177 177 0 0 0 0 0 0 0 0 0 0 0 0 0 0 0 0 0 0 0 0 0 0 0 0 0 0 0 0 0 0 0 0 0 0 148 148 81 81 81 81 0 0 0 0 0 0 255 255 81 81 81 81 0 0 0 0 0 0 255 255 81 81 81 81 0 0 0 0 0 0 255 255 81 81 81 81 0 0 0 0 0 0 255 255 81 81 81 81 0 0 0 0 0 0 255 255 81 81 81 81 0 0 0 0 0 0 255 255 81 81 81 81 0 0 0 0 0 0 255 255 81 81 81 81 0 0 0 0 0 0 255 255 81 81 81 81 0 0 0 0 0 0 255 255 81 81 81 81 0 0 0 0 0 0 255 255 81 81 81 81 0 0 0 0 0 0 255 255 81 81 81 81 0 0 0 0 0 0 255 255 81 81 81 81 0 0 0 0 0 0
1 255 255 243 243 81 81 0 0 0 255 255 0 217 217 60 60 0 0 0 0 0 255 255 0 0 0 0 0 0 0 0 0 0 255 255 0 0 0 0 0 0 0 0 0 0 255 255 0 60 60 37 37 0 0 0 0 0 255 255 0 255 255 204 204 0 0 0 0 0 255 255 0 255 255 204 204 0 0 0 0 0 255 255 0 255 255 204 204 0 0 0 0 0 255 255 0 255 255 204 204 0 0 0 0 0 255 255 0 255 255 204 204 0 0 0 0 0 255 255 0 255 255 204 204 0 0 0 0 0 255 255 0 255 255 204 204 0 0 0 0 0 255 255 0 81 81 0 0 0 0 0 0 0 0 0 0 0 0 0 0 0 0 0 0 0 0 0 0 60 60 0 0 0 0 0 0 0 0 0 0 60 60 0 0 0 0 0 0 0 0 0 0
1 255 255 255 255 148 148 0 0 0 255 255 0 255 255 163 163 0 0 0 0 0 255 255 0 148 148 0 0 0 0 0 0 0 255 255 0 148 148 0 0 0 0 0 0 0 255 255 0 133 133 81 81 60 60 0 0 0 255 255 0 255 255 255 255 81 81 37 37 37 255 255 0 255 255 255 255 81 81 81 81 81 255 255 0 255 255 255 255 81 81 81 81 81 255 255 0 255 255 255 255 60 60 81 81 81 255 255 0 255 255 255 255 0 0 81 81 81 255 255 0 255 255 255 255 0 0 81 81 81 255 255 0 255 255 255 255 0 0 81 81 81 255 255 0 255 255 255 255 81 81 81 81 81 255 255 0 133 133 0 0 0 0 0 0 0 0 0 0 99 99 0 0 0 0 0 0 0 0 0 0 99 99 0 0 0 0 0 0 0 0 0 0
1 255 255 255 255 255 0 0 0 0 0 0 0 0 0 0 0 0 0 0 0 0 0 0 0 255 255 255 255 255 0 0 0 0 0 0 0 255 255 255 255 255 0 0 0 0 0 0 0 255 255 255 255 255 0 0 0 0 0 0 0 255 255 255 255 255 0 0 0 0 0 0 0 255 255 255 255 255 0 0 0 0 0 0 0 255 255 255 255 255 0 0 0 0 0 0 0 255 255 255 255 255 0 0 0 0 0 0 0 255 255 255 255 255 0 0 0 0 0 0 0 255 255 255 255 255 0 0 0 0 0 0 0 255 255 255 255 255 0 0 0 0 0 0 0 255 255 255 255 255 0 0 0 0 0 0 0 255 255 255 255 255 0 0 0 0 0 0 0 255 255 255 255 255 0 0 0 0 0 0 0 255 255 255 255 255 0 0 0 0 0 0 0
1 255 255 255 255 255 255 0 0 0 0 0 0 0 0 0 0 0 0 0 0 0 0 0 0 255 255 255 255 255 255 0 0 0 0 0 0 255 255 255 255 255 255 0 0 0 0 0 0 255 255 255 255 255 255 0 0 0 0 0 0 255 255 255 255 255 255 0 0 0 0 0 0 255 255 255 255 255 255 0 0 0 0 0 0 255 255 255 255 255 255 0 0 0 0 0 0 255 255 255 255 255 255 0 0 0 0 0 0 255 255 255 255 255 255 0 0 0 0 0 0 255 255 255 255 255 255 0 0 0 0 0 0 255 255 255 255 255 255 0 0 0 0 0 0 255 255 255 255 255 255 0 0 0 0 0 0 255 255 255 255 255 255 0 0 0 0 0 0 255 255 255 255 255 255 0 0 0 0 0 0 255 255 255 255 255 255 0 0 0 0 0 0
1 255 255 148 148 148 148 0 0 0 0 0 0 255 255 148 148 148 148 0 0 0 0 0 0 116 116 0 0 0 0 0 0 0 0 0 0 116 116 0 0 0 0 0 0 0 0 0 0 99 99 0 0 0 0 0 0 0 0 0 0 99 99 0 0 0 0 0 0 0 0 0 0 255 255 0 0 0 0 0 0 0 0 0 0 255 255 0 0 0 0 0 0 0 0 0 0 255 255 0 0 0 0 0 0 0 0 0 0 255 255 0 0 0 0 0 0 0 0 0 0 255 255 0 0 0 0 0 0 0 0 0 0 255 255 0 0 0 0 0 0 0 0 0 0 255 255 0 0 0 0 0 0 0 0 0 0 255 255 0 0 0 0 0 0 0 0 0 0 255 255 0 0 0 0 0 0 0 0 0 0 0 0 0 0 0 0 0 0 0 0 0 0
1 255 255 191 191 191 191 0 0 0 0 0 0 255 255 191 191 191 191 0 0 0 0 0 0 148 148 0 0 0 0 0 0 0 0 0 0 148 148 0 0 0 0 0 0 0 0 0 0 81 81 177 177 177 177 0 0 0 0 0 0 81 81 177 177 177 177 0 0 0 0 0 0 255 255 204 204 204 204 0 0 0 0 0 0 255 255 204 204 204 204 0 0 0 0 0 0 255 255 204 204 204 204 0 0 0 0 0 0 255 255 204 204 204 204 0 0 0 0 0 0 255 255 204 204 204 204 0 0 0 0 0 0 255 255 204 204 204 204 0 0 0 0 0 0 255 255 204 204 204 204 0 0 0 0 0 0 255 255 204 204 204 204 0 0 0 0 0 0 255 255 204 204 204 204 0 0 0 0 0 0 0 0 0 0 0 0 0 0 0 0 0 0
1 204 133 133 37 37 0 0 204 204 255 255 0 204 133 133 37 37 0 0 204 204 255 255 0 60 148 148 60 60 0 0 204 204 255 255 0 60 148 148 60 60 0 0 204 204 255 255 0 255 255 255 81 81 0 0 204 204 255 255 0 255 255 255 81 81 0 0 204 204 255 255 0 255 255 255 81 81 0 0 204 204 255 255 0 255 255 255 81 81 0 0 204 204 255 255 0 255 255 255 81 81 0 0 204 204 255 255 0 255 255 255 81 81 0 0 204 204 255 255 0 255 255 255 81 81 0 0 204 204 255 255 0 255 255 255 81 81 0 0 204 204 255 255 0 255 255 255 81 81 0 0 204 204 255 255 0 0 0 0 0 0 0 0 0 0 0 0 0 0 0 0 0 0 0 0 0 0 0 0 0 0 0 0 0 0 0 0 0 0 0 0 0
1 191 116 116 0 0 81 81 255 255 255 255 0 191 116 116 0 0 81 81 255 255 255 255 0 99 177 177 133 133 81 81 255 255 255 255 0 99 177 177 133 133 81 81 255 255 255 255 0 255 255 255 148 148 81 81 255 255 255 255 0 255 255 255 148 148 81 81 255 255 255 255 0 255 255 255 148 148 81 81 255 255 255 255 0 255 255 255 148 148 81 81 255 255 255 255 0 255 255 255 148 148 81 81 255 255 255 255 0 255 255 255 148 148 81 81 255 255 255 255 0 255 255 255 148 148 81 81 255 255 255 255 0 255 255 255 148 148 81 81 255 255 255 255 0 255 255 255 148 148 81 81 255 255 255 255 0 0 0 0 0 0 0 0 0 0 81 81 0 0 0 0 0 0 0 0 0 0 81 81 0 0 0 0 0 0 0 0 0 0 0 0 0
1 81 81 0 0 0 0 0 0 0 204 204 0 81 81 0 0 0 0 0 0 0 204 204 0 255 255 255 255 0 0 0 0 0 204 204 0 255 255 255 255 0 0 0 0 0 204 204 0 255 255 255 255 0 0 0 0 0 204 204 0 255 255 255 255 0 0 0 0 0 204 204 0 255 255 255 255 0 0 0 0 0 204 204 0 255 255 255 255 0 0 0 0 0 204 204 0 255 255 255 255 0 0 0 0 0 204 204 0 255 255 255 255 0 0 0 0 0 204 204 0 255 255 255 255 0 0 0 0 0 204 204 0 255 255 204 204 0 0 0 0 0 163 163 0 255 255 204 204 0 0 0 0 0 163 163 0 148 148 0 0 0 0 0 0 0 0 0 0 148 148 0 0 0 0 0 0 0 0 0 0 0 0 0 0 0 0 0 0 0 0 0 0
1 81 81 0 0 0 0 148 148 148 255 255 0 81 81 0 0 0 0 148 148 148 255 255 0 255 255 255 255 0 0 148 148 148 255 255 0 255 255 255 255 0 0 148 148 148 255 255 0 255 255 255 255 0 0 148 148 148 255 255 0 255 255 255 255 0 0 148 148 148 255 255 0 255 255 255 255 0 0 148 148 148 255 255 0 255 255 255 255 0 0 148 148 148 255 255 0 255 255 255 255 0 0 148 148 148 255 255 0 255 255 255 255 0 0 148 148 148 255 255 0 255 255 255 255 0 0 148 148 148 255 255 0 255 255 204 204 0 0 116 116 116 243 243 0 255 255 204 204 0 0 116 116 116 243 243 0 148 148 0 0 0 0 0 0 0 37 37 0 148 148 0 0 0 0 0 0 0 37 37 0 0 0 0 0 0 0 0 0 0 0 0 0
2 255 148 148 37 37 0 0 0 148 148 255 255 133 0 0 0 0 0 0 0 0 0 133 133 0 0 0 163 163 255 255 163 0 0 0 0 0 0 0 163 163 255 255 163 0 0 0 0 60 0 0 255 255 255 255 255 0 0 0 0 255 255 255 255 255 255 255 191 0 0 0 0 255 255 255 255 255 243 243 37 0 0 116 116 255 255 255 255 255 243 243 37 0 0 116 116 255 255 255 243 243 60 60 0 0 0 243 243 255 243 243 60 60 0 0 0 217 217 255 255 243 60 60 0 0 0 0 217 255 255 255 255 243 60 60 0 0 0 0 217 255 255 255 255 99 0 0 0 0 217 217 255 255 255 255 255 0 0 0 0 0 0 0 0 0 0 0 0 0 0 0 0 0 0 0 0 0 0 0 0 0 0 0 0 0 0 0 0 0 0 0 0
2 255 255 255 0 0 0 0 0 0 0 255 255 255 0 0 255 255 255 255 255 0 0 255 255 0 255 255 255 255 255 255 255 255 255 0 0 0 255 255 255 255 255 255 255 255 255 0 0 255 255 255 255 255 255 255 255 255 255 0 0 255 255 255 255 255 255 255 255 255 255 0 0 255 255 255 255 255 255 255 255 0 0 255 255 255 255 255 255 255 255 255 255 0 0 255 255 255 255 255 255 255 255 255 255 0 0 255 255 255 255 255 255 255 255 255 0 255 255 255 255 255 255 255 255 255 0 0 255 255 255 255 255 255 255 255 255 255 0 0 255 255 255 255 255 255 255 255 0 0 255 255 255 255 255 255 255 255 0 0 255 255 255 255 255 255 255 255 255 0 0 0 0 0 0 0 0 0 0 0 0 0 0 0 0 0 0 0 0 0 0 0 0
2 217 99 99 0 0 0 0 99 99 217 217 0 0 0 0 0 0 0 0 0 0 37 37 0 0 0 0 0 0 0 0 0 0 37 37 0 60 204 204 255 255 163 163 0 0 0 0 0 255 255 255 255 255 204 204 0 0 0 0 0 255 255 255 255 255 204 204 0 0 0 0 0 255 255 255 255 255 99 99 0 0 133 133 0 255 255 255 255 255 99 99 0 0 133 133 0 255 255 255 177 177 0 0 60 60 255 255 0 255 133 133 0 0 99 99 243 243 255 255 0 255 133 133 0 0 99 99 243 243 255 255 0 81 0 0 133 133 255 255 255 255 255 255 0 0 0 0 0 0 0 0 0 0 0 0 0 0 0 0 0 0 0 0 0 0 0 0 0 0 0 0 0 0 0 0 0 0 0 0 0 0 0 0 0 0 0 0 0 0 0 0 0
2 191 60 60 0 0 0 0 133 133 243 243 0 60 204 204 255 255 204 204 0 0 148 148 0 60 204 204 255 255 204 204 0 0 148 148 0 255 255 255 255 255 255 255 81 81 81 81 0 255 255 255 255 255 255 255 81 81 99 99 0 255 255 255 255 255 255 255 81 81 99 99 0 255 255 255 255 255 230 230 0 0 177 177 0 255 255 255 255 255 230 230 0 0 177 177 0 255 255 255 255 255 81 81 81 81 255 255 0 255 255 255 116 116 60 60 243 243 255 255 0 255 255 255 116 116 60 60 243 243 255 255 0 255 116 116 37 37 243 243 255 255 255 255 0 116 0 0 217 217 255 255 255 255 255 255 0 116 0 0 217 217 255 255 255 255 255 255 0 0 0 0 0 0 0 0 0 0 0 0 0 0 0 0 0 0 0 0 0 0 0 0 0
2 230 81 81 0 0 37 37 177 177 255 255 0 60 0 0 0 0 0 0 0 0 204 204 0 60 0 0 0 0 0 0 0 0 204 204 0 148 255 255 204 204 0 0 0 0 148 148 0 255 255 255 255 255 81 81 0 0 148 148 0 255 255 255 255 255 81 81 0 0 148 148 0 255 255 255 255 255 81 81 0 0 204 204 0 255 255 255 255 255 0 0 99 99 255 255 0 255 255 255 163 163 37 37 243 243 255 255 0 255 255 255 163 163 37 37 243 243 255 255 0 255 230 230 37 37 217 217 255 255 255 255 0 243 81 81 217 217 255 255 255 255 163 163 0 243 81 81 217 217 255 255 255 255 163 163 0 116 0 0 0 0 0 0 0 0 37 37 0 0 0 0 0 0 0 0 0 0 116 116 0 0 0 0 0 0 0 0 0 0 116 116 0
2 255 0 0 0 0 0 0 255 255 255 255 0 0 255 255 255 255 255 255 0 0 255 255 0 0 255 255 255 255 255 255 0 0 255 255 0 0 255 255 255 255 255 255 255 255 0 0 0 255 255 255 255 255 255 255 255 255 0 0 0 255 255 255 255 255 255 255 255 255 0 0 0 255 255 255 255 255 255 255 255 255 0 0 0 255 255 255 255 255 255 255 0 0 255 255 0 255 255 255 255 255 0 0 255 255 255 255 0 255 255 255 255 255 0 0 255 255 255 255 0 255 255 255 0 0 255 255 255 255 255 255 0 255 0 0 255 255 255 255 255 255 255 255 0 255 0 0 255 255 255 255 255 255 255 255 0 0 255 255 255 255 255 255 255 255 0 0 0 0 0 0 0 0 0 0 0 0 0 0 0 0 0 0 0 0 0 0 0 0 0 0 0
2 217 99 99 0 0 0 0 81 217 217 255 255 0 0 0 0 0 0 0 0 0 0 243 243 0 0 0 0 0 0 0 0 0 0 243 243 133 163 163 255 255 230 230 37 0 0 204 204 255 255 255 255 255 255 255 81 0 0 204 204 255 255 255 255 255 255 255 81 0 0 204 204 255 255 255 255 255 217 217 0 37 37 255 255 255 255 255 255 255 217 217 0 37 37 255 255 255 255 255 243 243 37 37 0 204 204 255 255 255 217 217 60 60 0 0 177 255 255 255 255 255 217 217 60 60 0 0 177 255 255 255 255 204 0 0 60 60 217 217 255 255 255 255 255 0 0 0 0 0 0 0 0 0 0 81 81 0 0 0 0 0 0 0 0 0 0 81 81 0 0 0 0 0 0 0 0 0 0 81 81 0 0 0 0 0 0 0 0 0 0 81 81
2 217 99 99 0 0 0 0 99 243 243 255 255 116 163 163 255 255 230 230 60 81 81 255 255 116 163 163 255 255 230 230 60 81 81 255 255 255 255 255 255 255 255 255 177 0 0 255 255 255 255 255 255 255 255 255 177 0 0 255 255 255 255 255 255 255 255 255 177 0 0 255 255 255 255 255 255 255 255 255 60 81 81 255 255 255 255 255 255 255 255 255 60 81 81 255 255 255 255 255 255 255 116 116 0 217 217 255 255 255 255 255 116 116 0 0 177 255 255 255 255 255 255 255 116 116 0 0 177 255 255 255 255 255 116 116 0 0 177 177 255 255 255 255 255 148 0 0 177 177 255 255 255 255 255 255 255 148 0 0 177 177 255 255 255 255 255 255 255 0 0 0 0 0 0 0 0 0 0 81 81 0 0 0 0 0 0 0 0 0 0 81 81
2 255 0 0 0 0 0 0 0 0 255 255 255 0 0 255 255 255 255 255 255 0 0 255 255 0 0 255 255 255 255 255 255 255 0 0 0 0 0 255 255 255 255 255 255 255 0 0 0 255 255 255 255 255 255 255 255 255 0 0 0 255 255 255 255 255 255 255 255 255 0 0 0 255 255 255 255 255 255 255 255 0 0 255 255 255 255 255 255 255 255 255 255 0 0 255 255 255 255 255 255 255 255 0 0 0 255 255 255 255 255 255 255 255 0 0 0 255 255 255 255 255 255 255 255 0 0 255 255 255 255 255 255 255 255 255 255 0 0 255 255 255 255 255 255 255 255 0 0 0 255 255 255 255 255 255 255 255 0 0 0 255 255 255 255 255 255 255 255 0 0 0 0 0 0 0 0 0 0 0 0 0 0 0 0 0 0 0 0 0 0 0 0
2 255 0 0 0 0 0 0 0 0 255 255 255 0 255 255 255 255 255 255 255 255 0 255 255 255 255 255 255 255 255 255 255 255 255 0 0 255 255 255 255 255 255 255 255 255 255 0 0 255 255 255 255 255 255 255 255 255 255 0 0 255 255 255 255 255 255 255 255 255 255 0 0 255 255 255 255 255 255 255 255 255 0 255 255 255 255 255 255 255 255 255 255 255 0 255 255 255 255 255 255 255 255 255 0 0 255 255 255 255 255 255 255 255 255 0 255 255 255 255 255 255 255 255 255 0 0 255 255 255 255 255 255 255 255 255 255 0 0 255 255 255 255 255 255 255 255 255 0 255 255 255 255 255 255 255 255 255 0 0 255 255 255 255 255 255 255 255 255 0 0 0 0 0 0 0 0 0 0 0 0 0 0 0 0 0 0 0 0 0 0 0 0
2 255 0 0 0 0 0 0 0 0 255 255 255 0 0 255 255 255 255 255 255 0 0 255 255 0 0 255 255 255 255 255 255 255 0 0 0 0 0 255 255 255 255 255 255 255 0 0 0 255 255 255 255 255 255 255 255 255 0 0 0 255 255 255 255 255 255 255 255 255 0 0 0 255 255 255 255 255 255 255 255 0 0 255 255 255 255 255 255 255 255 255 255 0 0 255 255 255 255 255 255 255 255 0 0 0 255 255 255 255 255 255 255 255 0 0 0 255 255 255 255 255 255 255 255 0 0 255 255 255 255 255 255 255 255 255 255 0 0 255 255 255 255 255 255 255 255 0 0 0 255 255 255 255 255 255 255 255 0 0 0 255 255 255 255 255 255 255 255 0 0 0 0 0 0 0 0 0 0 0 0 0 0 0 0 0 0 0 0 0 0 0 0
2 255 0 0 0 0 0 0 0 255 255 255 255 0 255 255 255 255 255 255 255 0 0 255 255 255 255 255 255 255 255 255 255 255 255 0 0 255 255 255 255 255 255 255 255 255 255 0 0 255 255 255 255 255 255 255 255 255 255 0 0 255 255 255 255 255 255 255 255 255 255 0 0 255 255 255 255 255 255 255 255 0 0 255 255 255 255 255 255 255 255 255 255 0 0 255 255 255 255 255 255 255 255 255 0 255 255 255 255 255 255 255 255 255 0 0 255 255 255 255 255 255 255 255 0 0 255 255 255 255 255 255 255 255 255 255 0 0 255 255 255 255 255 255 255 255 0 0 255 255 255 255 255 255 255 255 255 0 255 255 255 255 255 255 255 255 255 255 255 0 0 0 0 0 0 0 0 0 0 0 0 0 0 0 0 0 0 0 0 0 0 0 0
2 204 99 99 0 0 0 0 0 116 116 243 243 81 0 0 0 0 0 0 0 0 0 81 81 81 0 0 0 0 0 0 0 0 0 81 81 133 191 191 255 255 243 243 99 0 0 0 0 255 255 255 255 255 255 255 148 0 0 0 0 255 255 255 255 255 255 255 148 0 0 0 0 255 255 255 255 255 243 243 60 0 0 37 37 255 255 255 230 230 60 60 0 0 0 204 204 255 191 191 0 0 0 0 0 204 204 255 255 255 191 191 0 0 0 0 0 204 204 255 255 191 0 0 0 0 99 99 243 255 255 255 255 37 0 0 99 99 255 255 255 255 255 255 255 37 0 0 99 99 255 255 255 255 255 255 255 0 0 0 0 0 0 0 0 0 0 0 0 0 0 0 0 0 0 0 0 0 0 0 0 0 0 0 0 0 0 0 0 0 0 0 0
2 204 99 99 0 0 0 0 81 217 217 255 255 133 191 191 255 255 243 243 116 0 0 243 243 133 191 191 255 255 243 243 116 0 0 243 243 255 255 255 255 255 255 255 255 0 0 204 204 255 255 255 255 255 255 255 255 0 0 204 204 255 255 255 255 255 255 255 255 0 0 204 204 255 255 255 255 255 255 255 177 0 0 230 230 255 255 255 255 255 217 217 0 177 177 255 255 255 255 255 163 163 0 0 177 255 255 255 255 255 255 255 163 163 0 0 177 255 255 255 255 243 99 99 60 60 217 217 255 255 255 255 255 133 60 60 243 243 255 255 255 255 255 255 255 133 60 60 243 243 255 255 255 255 255 255 255 0 204 204 255 255 255 255 255 255 255 255 255 0 0 0 0 0 0 0 0 0 0 81 81 0 0 0 0 0 0 0 0 0 0 81 81
2 255 163 163 37 37 0 0 37 191 191 255 255 163 0 0 177 177 255 255 204 0 0 191 191 163 0 0 177 177 255 255 204 0 0 191 191 0 99 99 255 255 255 255 255 81 81 60 60 0 177 177 255 255 255 255 243 37 37 0 0 0 177 177 255 255 255 255 243 37 37 0 0 255 255 255 255 255 255 255 81 0 0 99 99 255 255 255 255 255 255 255 81 0 0 99 99 255 255 255 255 255 116 116 0 0 0 217 217 255 243 243 116 116 0 0 0 217 217 255 255 255 243 243 116 116 0 0 0 217 217 255 255 243 60 60 0 0 60 60 243 255 255 255 255 60 0 0 116 116 243 243 255 255 255 255 255 60 0 0 116 116 243 243 255 255 255 255 255 0 0 0 0 0 0 0 0 0 0 60 60 0 0 0 0 0 0 0 0 0 0 60 60
2 255 0 0 0 0 0 0 0 0 0 255 255 0 255 255 255 255 255 255 255 255 255 0 0 0 255 255 255 255 255 255 255 255 255 0 0 0 255 255 255 255 255 255 255 255 255 0 0 255 255 255 255 255 255 255 255 255 255 0 0 255 255 255 255 255 255 255 255 255 255 0 0 255 255 255 255 255 255 255 255 0 0 255 255 255 255 255 255 255 255 255 255 0 0 255 255 255 255 255 255 255 0 0 0 255 255 255 255 255 255 255 0 0 255 255 255 255 255 255 255 255 255 255 0 0 255 255 255 255 255 255 255 255 0 0 255 255 255 255 255 255 255 255 255 0 255 255 255 255 255 255 255 255 255 0 0 0 255 255 255 255 255 255 255 255 255 0 0 0 0 0 0 0 0 0 0 0 0 0 0 0 0 0 0 0 0 0 0 0 0 0 0
2 255 0 0 0 0 0 0 0 0 255 255 255 0 0 0 255 255 255 255 0 0 0 255 255 0 0 0 255 255 255 255 0 0 0 255 255 0 0 0 255 255 255 255 255 255 0 0 0 0 0 0 255 255 255 255 255 255 0 0 0 255 255 255 255 255 255 255 255 255 0 0 0 255 255 255 255 255 255 255 255 255 0 0 0 255 255 255 255 255 255 255 0 0 0 255 255 255 255 255 255 0 0 0 0 0 255 255 255 255 255 255 255 0 0 0 0 0 255 255 255 255 0 0 0 255 255 255 255 255 255 255 255 255 0 0 0 255 255 255 255 255 255 255 255 0 0 0 0 0 0 0 0 0 0 0 0 0 0 0 0 0 0 0 0 0 0 0 0 0 0 0 0 0 0 0 0 0 0 0 0 0 0 0 0 0 0 0 0 0 0 0 0
2 255 0 0 0 0 0 0 0 255 255 255 255 0 255 255 255 255 255 255 255 0 0 255 255 0 255 255 255 255 255 255 255 0 0 255 255 0 255 255 255 255 255 255 255 255 255 0 0 0 255 255 255 255 255 255 255 255 255 0 0 255 255 255 255 255 255 255 255 255 255 0 0 255 255 255 255 255 255 255 255 255 255 0 0 255 255 255 255 255 255 255 255 255 255 0 0 255 255 255 255 255 255 255 0 0 0 255 255 255 255 255 255 255 255 255 0 0 0 255 255 255 255 255 0 0 0 0 255 255 255 255 255 255 255 255 0 0 0 0 255 255 255 255 255 255 0 0 255 255 255 255 255 255 255 255 255 255 0 0 255 255 255 255 255 255 255 255 255 0 0 0 0 0 0 0 0 0 0 0 0 0 0 0 0 0 0 0 0 0 0 0 0
2 255 148 148 0 0 0 0 116 116 243 255 255 133 0 0 0 0 0 0 0 0 81 255 255 133 0 0 0 0 0 0 0 0 81 255 255 217 81 81 204 255 255 204 0 0 0 255 255 255 255 255 255 255 255 243 0 0 0 255 255 255 255 255 255 255 255 243 0 0 0 255 255 255 255 255 255 255 255 148 0 0 148 255 255 255 255 255 255 217 217 0 37 37 243 255 255 255 255 255 243 0 0 0 204 204 255 255 255 255 255 255 243 0 0 0 204 204 255 255 255 255 255 255 60 0 0 148 255 255 255 255 255 255 116 116 0 60 60 255 255 255 255 255 255 255 116 116 0 60 60 255 255 255 255 255 255 177 0 0 0 0 0 0 0 0 0 81 81 81 0 0 0 0 0 0 0 0 0 81 81 81 0 0 0 0 0 0 0 0 0 81 81
2 255 0 0 0 0 0 0 0 0 255 255 0 0 255 255 255 255 255 255 255 255 0 0 0 0 255 255 255 255 255 255 255 255 0 0 0 255 255 255 255 255 255 255 255 255 0 0 0 255 255 255 255 255 255 255 255 255 0 0 0 255 255 255 255 255 255 255 255 255 0 0 0 255 255 255 255 255 255 255 0 0 255 255 0 255 255 255 255 255 255 255 0 0 255 255 0 255 255 255 255 255 0 0 255 255 255 255 0 255 255 255 255 255 0 0 255 255 255 255 0 255 255 255 0 0 255 255 255 255 255 255 0 255 0 0 255 255 255 255 255 255 255 255 0 255 0 0 255 255 255 255 255 255 255 255 0 0 255 255 255 255 255 255 255 255 255 255 0 0 0 0 0 0 0 0 0 0 0 0 0 0 0 0 0 0 0 0 0 0 0 0 0
2 148 81 81 0 0 0 0 0 99 99 217 217 0 60 60 243 243 243 243 37 0 0 37 37 0 60 60 243 243 243 243 37 0 0 37 37 255 255 255 255 255 255 255 148 0 0 0 0 255 255 255 255 255 255 255 116 0 0 133 133 255 255 255 255 255 255 255 116 0 0 133 133 255 255 255 255 255 217 217 0 116 116 255 255 255 255 255 255 255 217 217 0 116 116 255 255 255 255 255 243 243 60 60 116 255 255 255 255 255 243 243 60 60 116 116 255 255 255 255 255 255 243 243 60 60 116 116 255 255 255 255 255 255 99 99 116 116 255 255 255 243 243 37 37 148 0 0 0 0 0 0 0 0 0 0 0 148 0 0 0 0 0 0 0 0 0 0 0 0 0 0 0 0 0 0 0 0 0 0 0 0 0 0 0 0 0 0 0 0 0 0 0
2 243 148 148 37 37 0 0 0 0 148 148 0 81 116 116 243 243 255 255 116 116 0 0 0 81 116 116 243 243 255 255 116 116 0 0 0 255 255 255 255 255 255 255 243 243 0 0 0 255 255 255 255 255 255 255 230 230 0 0 0 255 255 255 255 255 255 255 230 230 0 0 0 255 255 255 255 255 255 255 99 99 99 99 0 255 255 255 255 255 255 255 99 99 99 99 0 255 255 255 255 255 148 148 60 60 243 243 0 255 255 255 177 177 116 116 243 243 255 255 0 255 255 255 177 177 116 116 243 243 255 255 0 255 177 177 81 81 255 255 255 255 217 217 0 217 60 60 243 243 255 255 255 255 148 148 0 217 60 60 243 243 255 255 255 255 148 148 0 60 0 0 0 0 0 0 0 0 0 0 0 60 0 0 0 0 0 0 0 0 0 0 0
2 163 60 60 0 0 0 0 99 99 191 255 255 133 163 163 230 243 243 116 0 0 0 204 204 255 255 255 255 255 255 243 0 0 0 116 116 255 255 255 255 255 255 243 0 0 0 116 116 255 255 255 255 255 255 255 0 0 0 81 81 255 255 255 255 255 255 230 0 0 0 163 163 255 255 255 255 255 255 116 0 0 37 243 243 255 255 255 255 255 255 116 0 0 37 243 243 255 255 255 255 177 177 0 0 0 217 255 255 255 255 255 177 0 0 0 217 217 255 255 255 255 217 217 0 0 0 204 255 255 255 255 255 255 217 217 0 0 0 204 255 255 255 255 255 243 0 0 0 148 148 255 255 255 255 255 255 116 0 0 0 243 243 255 255 255 255 255 255 0 0 0 0 0 0 0 0 0 0 81 81 0 0 0 0 0 0 0 0 0 0 81 81
2 0 0 0 0 0 0 0 0 0 255 255 0 0 255 255 255 255 255 255 255 255 0 0 0 255 255 255 255 255 255 255 255 255 0 0 0 255 255 255 255 255 255 255 255 255 0 0 0 255 255 255 255 255 255 255 255 255 0 0 0 255 255 255 255 255 255 255 255 255 0 0 0 255 255 255 255 255 255 255 0 0 255 255 0 255 255 255 255 255 255 255 0 0 255 255 0 255 255 255 255 255 255 255 0 0 255 255 0 255 255 255 255 255 0 0 255 255 255 255 0 255 255 255 0 0 255 255 255 255 255 255 0 255 255 255 0 0 255 255 255 255 255 255 0 255 0 0 255 255 255 255 255 255 255 255 0 0 255 255 255 255 255 255 255 255 255 255 0 0 0 0 0 0 0 0 0 0 0 0 0 0 0 0 0 0 0 0 0 0 0 0 0
2 255 255 255 0 0 0 0 0 0 255 255 255 255 0 0 0 0 0 0 0 0 0 255 255 255 0 0 0 0 0 0 0 0 0 255 255 0 0 0 0 255 255 255 0 0 0 0 0 255 255 255 255 255 255 255 0 0 0 0 0 255 255 255 255 255 255 255 0 0 0 0 0 255 255 255 255 255 255 255 0 0 0 0 0 255 255 255 255 255 255 255 0 0 0 0 0 255 255 255 255 255 255 0 0 0 0 255 255 255 255 255 255 255 255 0 0 0 0 255 255 255 255 255 255 0 0 0 0 0 255 255 255 255 255 255 0 0 0 0 255 255 255 255 255 255 255 255 0 0 0 0 255 255 255 255 255 255 0 0 0 0 0 255 255 255 255 255 255 0 0 0 0 0 0 0 0 0 0 0 0 0 0 0 0 0 0 0 0 0 0 0 0
2 255 255 255 0 0 0 0 0 255 255 255 255 255 0 0 0 0 255 255 0 0 0 255 255 255 0 0 0 0 255 255 0 0 0 255 255 0 0 0 255 255 255 255 255 0 0 0 0 255 255 255 255 255 255 255 255 0 0 0 0 255 255 255 255 255 255 255 255 0 0 0 0 255 255 255 255 255 255 255 255 0 0 0 0 255 255 255 255 255 255 255 255 0 0 0 0 255 255 255 255 255 255 255 0 0 0 255 255 255 255 255 255 255 255 255 0 0 0 255 255 255 255 255 255 255 0 0 0 255 255 255 255 255 255 255 0 0 0 0 255 255 255 255 255 255 255 255 0 0 0 0 255 255 255 255 255 255 0 0 0 0 255 255 255 255 255 255 255 0 0 0 0 0 0 0 0 0 0 0 0 0 0 0 0 0 0 0 0 0 0 0 0
2 243 116 116 0 0 0 0 60 60 191 191 0 81 0 0 0 0 0 0 0 0 0 0 0 81 0 0 0 0 0 0 0 0 0 0 0 0 0 0 217 217 243 243 60 60 0 0 0 204 204 204 255 255 255 255 60 60 0 0 0 204 204 204 255 255 255 255 60 60 0 0 0 255 255 255 255 255 163 163 0 0 0 0 0 255 255 255 204 204 0 0 0 0 133 133 0 255 230 230 0 0 0 0 81 81 255 255 0 255 230 230 0 0 0 0 81 81 255 255 0 243 60 60 0 0 60 60 243 243 255 255 0 116 0 0 0 0 217 217 255 255 255 255 0 116 0 0 0 0 217 217 255 255 255 255 0 0 0 0 0 0 0 0 0 0 0 0 0 0 0 0 0 0 0 0 0 0 0 0 0 0 0 0 0 0 0 0 0 0 0 0 0
2 243 116 116 0 0 0 0 60 60 191 191 0 116 0 0 0 0 0 0 0 0 0 0 0 116 0 0 0 0 0 0 0 0 0 0 0 0 81 81 243 243 255 255 116 116 0 0 0 255 255 255 255 255 255 255 191 191 0 0 0 255 255 255 255 255 255 255 191 191 0 0 0 255 255 255 255 255 243 243 60 60 81 81 0 255 255 255 255 255 116 116 37 37 243 243 0 255 255 255 116 116 0 0 217 217 255 255 0 255 255 255 116 116 0 0 217 217 255 255 0 255 148 148 0 0 177 177 255 255 255 255 0 177 0 0 148 148 255 255 255 255 255 255 0 177 0 0 148 148 255 255 255 255 255 255 0 0 0 0 0 0 0 0 0 0 0 0 0 0 0 0 0 0 0 0 0 0 0 0 0 0 0 0 0 0 0 0 0 0 0 0 0
2 255 230 230 116 0 0 0 60 60 191 255 255 217 0 0 0 0 0 0 0 0 0 191 191 0 0 0 0 0 0 0 0 0 0 81 81 0 0 0 0 0 0 0 0 0 0 81 81 37 37 37 177 243 243 243 99 99 0 99 99 255 255 255 255 255 255 243 60 60 0 191 191 255 255 255 255 191 191 37 0 0 148 255 255 255 255 255 255 191 191 37 0 0 148 255 255 255 243 243 99 0 0 60 204 204 255 255 255 217 0 0 0 163 163 255 255 255 255 255 255 81 0 0 204 255 255 255 255 255 255 255 255 81 0 0 204 255 255 255 255 255 255 255 255 0 0 0 0 0 0 0 0 0 37 191 191 0 0 0 0 0 0 0 0 0 0 81 81 60 0 0 0 0 0 0 0 0 0 133 133 60 0 0 0 0 0 0 0 0 0 133 133
2 255 255 255 148 148 0 0 0 99 99 230 230 255 116 116 0 0 0 0 0 0 0 37 37 148 0 0 60 60 230 230 243 133 133 0 0 148 0 0 60 60 230 230 243 133 133 0 0 116 60 60 243 243 255 255 255 204 204 0 0 255 255 255 255 255 255 255 255 99 99 0 0 255 255 255 255 255 217 217 60 0 0 116 116 255 255 255 255 255 217 217 60 0 0 116 116 255 243 243 133 133 0 0 0 177 177 255 255 243 60 60 0 0 148 148 243 255 255 255 255 163 0 0 177 177 255 255 255 255 255 255 255 163 0 0 177 177 255 255 255 255 255 255 255 99 0 0 255 255 255 255 255 255 255 255 255 81 0 0 0 0 0 0 0 0 0 37 37 148 0 0 0 0 0 0 0 0 0 0 0 148 0 0 0 0 0 0 0 0 0 0 0
2 255 255 255 0 0 0 0 0 0 255 255 255 255 0 0 0 255 255 255 0 0 0 255 255 0 0 0 255 255 255 255 255 255 0 0 0 0 0 0 255 255 255 255 255 255 0 0 0 255 255 255 255 255 255 255 255 255 0 0 0 255 255 255 255 255 255 255 255 255 0 0 0 255 255 255 255 255 255 255 0 0 0 255 255 255 255 255 255 255 255 255 0 0 0 255 255 255 255 255 255 255 255 0 0 0 255 255 255 255 255 255 255 0 0 0 255 255 255 255 255 255 255 255 0 0 0 255 255 255 255 255 255 255 255 255 0 0 0 255 255 255 255 255 255 255 0 0 0 255 255 255 255 255 255 255 255 0 0 0 255 255 255 255 255 255 255 255 255 0 0 0 0 0 0 0 0 0 0 0 0 0 0 0 0 0 0 0 0 0 0 0 0
2 255 255 255 0 0 0 0 0 255 255 255 255 255 0 0 255 255 255 255 255 0 0 255 255 0 255 255 255 255 255 255 255 255 255 0 0 0 255 255 255 255 255 255 255 255 255 0 0 255 255 255 255 255 255 255 255 255 255 0 0 255 255 255 255 255 255 255 255 255 255 0 0 255 255 255 255 255 255 255 255 0 0 255 255 255 255 255 255 255 255 255 255 0 0 255 255 255 255 255 255 255 255 255 0 255 255 255 255 255 255 255 255 255 0 0 255 255 255 255 255 255 255 255 0 0 255 255 255 255 255 255 255 255 255 255 0 0 255 255 255 255 255 255 255 255 0 0 255 255 255 255 255 255 255 255 255 0 255 255 255 255 255 255 255 255 255 255 255 0 0 0 0 0 0 0 0 0 0 0 0 0 0 0 0 0 0 0 0 0 0 0 0
2 0 0 0 0 0 60 60 191 191 255 255 0 0 0 0 0 0 60 60 191 191 255 255 0 255 255 255 204 204 0 0 0 0 230 230 0 255 255 255 204 204 0 0 0 0 230 230 0 255 255 255 255 255 81 81 0 0 204 204 0 255 255 255 255 255 81 81 0 0 204 204 0 255 255 255 243 243 0 0 0 0 255 255 0 255 255 255 243 243 0 0 0 0 255 255 0 255 243 243 60 60 0 0 217 217 255 255 0 255 243 243 60 60 0 0 217 217 255 255 0 255 243 243 60 60 0 0 217 217 255 255 0 191 37 37 116 116 243 243 255 255 255 255 0 191 37 37 116 116 243 243 255 255 255 255 0 0 0 0 0 0 0 0 0 0 60 60 0 0 0 0 0 0 0 0 0 0 60 60 0 0 0 0 0 0 0 0 0 0 0 0 0
2 0 0 0 0 0 0 99 99 99 217 217 0 0 0 0 0 0 0 99 99 99 217 217 0 255 255 255 255 230 230 99 99 99 37 37 0 255 255 255 255 230 230 99 99 99 37 37 0 255 255 255 255 255 255 148 148 148 0 0 0 255 255 255 255 255 255 148 148 148 0 0 0 255 255 255 255 255 255 81 81 81 148 148 0 255 255 255 255 255 255 81 81 81 148 148 0 255 255 243 243 99 99 148 148 148 255 255 0 255 255 243 243 99 99 148 148 148 255 255 0 255 255 243 243 99 99 148 148 148 255 255 0 177 177 81 81 204 204 255 255 255 255 255 0 177 177 81 81 204 204 255 255 255 255 255 0 0 0 0 0 0 0 0 0 0 0 0 0 0 0 0 0 0 0 0 0 0 0 0 0 0 0 0 0 0 0 0 0 0 0 0 0
2 81 0 0 0 0 0 0 133 133 243 243 0 81 0 0 0 0 0 0 133 133 243 243 0 255 255 255 255 255 163 163 0 0 148 148 0 255 255 255 255 255 163 163 0 0 148 148 0 255 255 255 255 255 191 191 0 0 81 81 0 255 255 255 255 255 191 191 0 0 81 81 0 255 255 255 243 243 60 60 0 0 177 177 0 255 255 255 243 243 60 60 0 0 177 177 0 255 243 243 60 60 0 0 116 116 255 255 0 255 243 243 60 60 0 0 116 116 255 255 0 255 243 243 60 60 0 0 116 116 255 255 0 217 60 60 0 0 148 148 255 255 255 255 0 217 60 60 0 0 148 148 255 255 255 255 0 0 0 0 0 0 0 0 0 0 0 0 0 0 0 0 0 0 0 0 0 0 0 0 0 0 0 0 0 0 0 0 0 0 0 0 0
2 133 0 0 0 0 0 0 116 116 243 243 0 133 0 0 0 0 0 0 116 116 243 243 0 255 255 255 255 255 230 230 37 37 163 163 0 255 255 255 255 255 230 230 37 37 163 163 0 255 255 255 255 255 255 255 81 81 148 148 0 255 255 255 255 255 255 255 81 81 148 148 0 255 255 255 255 255 217 217 0 0 230 230 0 255 255 255 255 255 217 217 0 0 230 230 0 255 255 255 204 204 37 37 177 177 255 255 0 255 255 255 204 204 37 37 177 177 255 255 0 255 255 255 204 204 37 37 177 177 255 255 0 243 133 133 60 60 217 217 255 255 255 255 0 243 133 133 60 60 217 217 255 255 255 255 0 99 0 0 0 0 0 0 0 0 0 0 0 99 0 0 0 0 0 0 0 0 0 0 0 0 0 0 0 0 0 0 0 0 0 0 0
2 230 116 116 0 0 0 0 0 148 148 255 255 230 116 116 0 0 0 0 0 148 148 255 255 230 217 217 255 255 204 204 0 0 0 163 163 230 217 217 255 255 204 204 0 0 0 163 163 255 255 255 255 255 255 255 81 0 0 191 191 255 255 255 255 255 255 255 81 0 0 191 191 255 255 255 255 255 177 177 0 191 191 255 255 255 255 255 255 255 177 177 0 191 191 255 255 255 230 230 133 133 163 163 243 255 255 191 191 255 230 230 133 133 163 163 243 255 255 191 191 255 230 230 133 133 163 163 243 255 255 191 191 163 0 0 0 0 0 0 0 0 0 0 0 163 0 0 0 0 0 0 0 0 0 0 0 81 0 0 0 0 0 0 0 0 0 0 0 81 0 0 0 0 0 0 0 0 0 0 0 0 0 0 0 0 0 0 0 0 0 0 0
2 148 60 60 0 0 0 0 148 148 255 255 0 148 60 60 0 0 0 0 148 148 255 255 0 191 255 255 230 230 60 60 0 0 217 217 0 191 255 255 230 230 60 60 0 0 217 217 0 255 255 255 255 255 177 177 0 0 217 217 0 255 255 255 255 255 177 177 0 0 217 217 0 255 255 255 255 255 99 99 116 116 255 255 0 255 255 255 255 255 99 99 116 116 255 255 0 255 255 255 116 116 133 133 255 255 243 243 0 255 255 255 116 116 133 133 255 255 243 243 0 255 255 255 116 116 133 133 255 255 243 243 0 243 133 133 204 204 255 255 255 255 116 116 0 243 133 133 204 204 255 255 255 255 116 116 0 0 0 0 0 0 0 0 0 0 0 0 0 0 0 0 0 0 0 0 0 0 0 0 0 0 0 0 0 0 0 0 0 0 0 0 0
3 243 133 133 0 0 0 0 37 191 191 255 255 116 0 0 0 0 0 0 0 0 0 191 191 60 0 0 163 163 255 255 99 0 0 99 99 60 0 0 163 163 255 255 99 0 0 99 99 255 255 255 255 255 243 243 81 0 0 148 148 255 255 255 217 217 0 0 0 99 99 243 243 255 255 255 204 204 0 0 0 37 37 217 217 255 255 255 204 204 0 0 0 37 37 217 217 255 255 255 255 255 255 255 133 0 0 37 37 255 255 255 255 255 255 255 243 0 0 0 0 81 0 0 255 255 255 255 230 0 0 0 0 81 0 0 255 255 255 255 230 0 0 0 0 0 0 0 163 163 255 255 116 0 0 0 0 133 0 0 0 0 0 0 0 0 0 177 177 255 148 148 0 0 0 0 37 191 191 255 255 255 148 148 0 0 0 0 37 191 191 255 255
3 255 255 255 0 0 0 0 0 255 255 255 255 255 0 0 255 255 255 255 255 0 0 255 255 0 255 255 255 255 255 255 255 0 0 255 255 0 255 255 255 255 255 255 255 0 0 255 255 255 255 255 255 255 255 255 255 0 0 255 255 255 255 255 255 255 255 255 0 0 0 255 255 255 255 255 0 0 0 0 0 255 255 255 255 255 255 255 0 0 0 0 0 255 255 255 255 255 255 255 255 255 255 255 255 0 0 255 255 255 255 255 255 255 255 255 255 255 255 0 0 255 255 255 255 255 255 255 255 255 255 0 0 255 255 255 255 255 255 255 255 255 255 0 0 0 255 255 255 255 255 255 255 255 255 0 0 0 0 0 255 255 255 255 255 0 0 255 255 255 255 255 0 0 0 0 0 255 255 255 255 255 255 255 0 0 0 0 0 255 255 255 255
3 217 99 99 0 0 0 0 99 99 217 217 0 0 0 0 0 0 0 0 0 0 37 37 0 0 0 0 0 0 0 0 0 0 37 37 0 60 204 204 255 255 163 163 0 0 0 0 0 255 255 255 255 255 148 148 0 0 81 81 0 255 255 255 255 255 148 148 0 0 81 81 0 204 0 0 0 0 0 0 60 60 230 230 0 204 0 0 0 0 0 0 60 60 230 230 0 204 0 0 0 0 0 0 0 0 81 81 0 255 255 255 255 255 204 204 0 0 0 0 0 255 255 255 255 255 204 204 0 0 0 0 0 99 230 230 255 255 217 217 0 0 0 0 0 0 0 0 0 0 0 0 0 0 0 0 0 0 0 0 0 0 0 0 0 0 0 0 0 177 37 37 0 0 0 0 99 99 217 217 0 177 37 37 0 0 0 0 99 99 217 217 0
3 191 60 60 0 0 0 0 99 99 243 243 0 116 191 191 255 255 230 230 37 37 116 116 0 116 191 191 255 255 230 230 37 37 116 116 0 255 255 255 255 255 255 255 81 81 81 81 0 255 255 255 255 255 191 191 0 0 191 191 0 255 255 255 255 255 191 191 0 0 191 191 0 255 0 0 0 0 0 0 133 133 243 243 0 255 0 0 0 0 0 0 133 133 243 243 0 255 255 255 255 255 204 204 60 60 81 81 0 255 255 255 255 255 255 255 191 191 0 0 0 255 255 255 255 255 255 255 191 191 0 0 0 255 255 255 255 255 255 255 204 204 0 0 0 81 217 217 255 255 230 230 60 60 81 81 0 81 217 217 255 255 230 230 60 60 81 81 0 148 37 37 0 0 0 0 116 116 243 243 0 148 37 37 0 0 0 0 116 116 243 243 0
3 255 133 133 0 0 0 0 133 133 255 255 0 133 0 0 0 0 0 0 0 0 177 177 0 133 0 0 0 0 0 0 0 0 177 177 0 116 243 243 230 230 37 37 0 0 148 148 0 255 255 255 255 255 81 81 0 0 177 177 0 255 255 255 255 255 81 81 0 0 177 177 0 255 255 255 177 177 0 0 99 99 255 255 0 255 148 148 0 0 0 0 0 0 177 177 0 255 255 255 191 191 60 60 0 0 0 0 0 255 255 255 191 191 60 60 0 0 0 0 0 255 255 255 255 255 243 243 37 37 0 0 0 255 255 255 255 255 255 255 133 133 0 0 0 255 255 255 255 255 255 255 133 133 0 0 0 0 148 148 243 243 243 243 37 37 177 177 0 37 0 0 0 0 99 99 204 204 255 255 0 37 0 0 0 0 99 99 204 204 255 255 0
3 255 0 0 0 0 0 0 0 0 255 255 0 0 255 255 255 255 255 255 255 255 0 0 0 0 255 255 255 255 255 255 255 255 0 0 0 255 255 255 255 255 255 255 255 255 0 0 0 255 255 255 255 255 255 255 0 0 255 255 0 255 255 255 255 255 255 255 0 0 255 255 0 255 255 255 255 255 0 0 255 255 255 255 0 255 255 255 0 0 0 0 0 0 255 255 0 255 255 255 255 255 255 255 255 255 0 0 0 255 255 255 255 255 255 255 255 255 0 0 0 255 255 255 255 255 255 255 255 255 0 0 0 255 255 255 255 255 255 255 255 255 0 0 0 255 255 255 255 255 255 255 255 255 0 0 0 255 255 255 255 255 255 255 0 0 255 255 0 0 0 0 0 0 0 0 255 255 255 255 0 0 0 0 0 0 0 0 255 255 255 255 0
3 0 0 0 0 0 0 0 99 217 217 255 255 0 0 0 0 0 0 0 0 0 0 255 255 0 0 0 0 0 0 0 0 0 0 255 255 255 255 255 255 255 230 230 37 0 0 204 204 255 255 255 255 255 204 204 0 0 0 255 255 255 255 255 255 255 204 204 0 0 0 255 255 255 0 0 0 0 0 0 0 217 217 255 255 255 0 0 0 0 0 0 0 217 217 255 255 255 0 0 0 0 0 0 0 0 0 217 217 255 255 255 255 255 230 230 116 0 0 99 99 255 255 255 255 255 230 230 116 0 0 99 99 255 255 255 255 255 255 255 148 0 0 99 99 0 0 0 0 0 0 0 0 0 0 191 191 0 0 0 0 0 0 0 0 0 0 191 191 0 0 0 0 0 0 0 99 204 204 255 255 0 0 0 0 0 0 0 99 204 204 255 255
3 81 0 0 0 0 0 0 99 99 217 217 0 255 255 255 255 255 230 230 81 81 81 81 0 255 255 255 255 255 230 230 81 81 81 81 0 255 255 255 255 255 255 255 148 148 0 0 0 255 255 255 255 255 230 230 60 60 148 148 0 255 255 255 255 255 230 230 60 60 148 148 0 255 81 81 0 0 0 0 81 81 230 230 0 255 81 81 0 0 0 0 81 81 230 230 0 255 255 255 255 255 230 230 116 116 0 0 0 255 255 255 255 255 255 255 255 255 0 0 0 255 255 255 255 255 255 255 255 255 0 0 0 255 255 255 255 255 255 255 243 243 0 0 0 255 255 255 255 255 230 230 99 99 60 60 0 255 255 255 255 255 230 230 99 99 60 60 0 0 0 0 0 0 37 37 148 148 243 243 0 0 0 0 0 0 37 37 148 148 243 243 0
3 255 0 0 0 0 0 0 0 0 255 255 255 0 0 255 255 255 255 255 255 0 0 255 255 0 0 255 255 255 255 255 255 255 0 0 0 0 0 255 255 255 255 255 255 255 0 0 0 255 255 255 255 255 255 255 255 255 0 0 0 255 255 255 255 255 255 255 255 0 0 255 255 255 255 255 255 0 0 0 0 0 255 255 255 255 255 255 255 0 0 0 0 0 255 255 255 255 255 255 255 255 255 255 255 0 0 255 255 255 255 255 255 255 255 255 255 255 0 0 0 255 255 255 255 255 255 255 255 255 0 0 0 255 255 255 255 255 255 255 255 255 0 0 0 0 0 255 255 255 255 255 255 255 0 0 0 0 0 255 255 255 255 255 255 0 0 255 255 255 0 0 0 0 0 0 0 0 255 255 255 255 0 0 0 0 0 0 0 0 255 255 255
3 255 0 0 0 0 0 0 0 0 255 255 255 0 255 255 255 255 255 255 255 255 0 255 255 255 255 255 255 255 255 255 255 255 255 0 0 255 255 255 255 255 255 255 255 255 255 0 0 255 255 255 255 255 255 255 255 255 255 0 0 255 255 255 255 255 255 255 255 255 0 255 255 255 255 255 255 0 0 0 0 0 255 255 255 255 255 255 255 0 0 0 0 0 255 255 255 255 255 255 255 255 255 255 255 255 0 255 255 255 255 255 255 255 255 255 255 255 255 0 0 255 255 255 255 255 255 255 255 255 255 0 0 255 255 255 255 255 255 255 255 255 255 0 0 255 255 255 255 255 255 255 255 255 255 0 0 0 255 255 255 255 255 255 255 255 0 255 255 255 0 0 0 0 0 0 0 0 255 255 255 255 0 0 0 0 0 0 0 0 255 255 255
3 255 0 0 0 0 0 0 0 0 255 255 255 0 0 255 255 255 255 255 255 0 0 255 255 0 0 255 255 255 255 255 255 255 0 0 0 0 0 255 255 255 255 255 255 255 0 0 0 255 255 255 255 255 255 255 255 255 0 0 0 255 255 255 255 255 255 255 255 0 0 255 255 255 255 255 255 0 0 0 0 0 255 255 255 255 255 255 255 0 0 0 0 0 255 255 255 255 255 255 255 255 255 255 255 0 0 255 255 255 255 255 255 255 255 255 255 255 0 0 0 255 255 255 255 255 255 255 255 255 0 0 0 255 255 255 255 255 255 255 255 255 0 0 0 0 0 255 255 255 255 255 255 255 0 0 0 0 0 255 255 255 255 255 255 0 0 255 255 255 0 0 0 0 0 0 0 0 255 255 255 255 0 0 0 0 0 0 0 0 255 255 255
3 255 0 0 0 0 0 0 0 255 255 255 255 0 255 255 255 255 255 255 255 0 0 255 255 255 255 255 255 255 255 255 255 255 255 0 0 255 255 255 255 255 255 255 255 255 255 0 0 255 255 255 255 255 255 255 255 255 255 0 0 255 255 255 255 255 255 255 255 0 0 255 255 255 255 255 0 0 0 0 0 255 255 255 255 255 255 255 0 0 0 0 0 255 255 255 255 255 255 255 255 255 255 255 255 0 0 255 255 255 255 255 255 255 255 255 255 255 255 0 0 255 255 255 255 255 255 255 255 255 255 0 0 255 255 255 255 255 255 255 255 255 255 0 0 255 255 255 255 255 255 255 255 255 255 0 0 0 255 255 255 255 255 255 255 0 0 255 255 255 0 0 0 0 0 0 0 255 255 255 255 255 0 0 0 0 0 0 0 255 255 255 255
3 191 60 60 0 0 0 0 37 148 148 255 255 81 0 0 0 0 0 0 0 0 0 148 148 81 0 0 0 0 0 0 0 0 0 148 148 133 204 204 255 255 230 230 37 0 0 81 81 255 255 255 255 255 217 217 37 0 0 148 148 255 255 255 255 255 217 217 37 0 0 148 148 255 0 0 0 0 0 0 37 148 148 255 255 255 0 0 0 0 0 0 0 37 37 217 217 255 255 255 255 255 217 217 60 0 0 37 37 255 255 255 255 255 217 217 60 0 0 37 37 255 255 255 255 255 255 255 148 0 0 0 0 133 230 230 255 255 230 230 60 0 0 0 0 133 230 230 255 255 230 230 60 0 0 0 0 0 0 0 0 0 0 0 0 0 0 148 148 116 0 0 0 0 0 0 81 191 191 255 255 116 0 0 0 0 0 0 81 191 191 255 255
3 204 60 60 0 0 0 0 99 99 243 243 0 191 204 204 255 255 230 230 60 60 81 81 0 191 204 204 255 255 230 230 60 60 81 81 0 255 255 255 255 255 255 255 204 204 0 0 0 255 255 255 255 255 255 255 191 191 0 0 0 255 255 255 255 255 255 255 191 191 0 0 0 255 255 255 255 255 204 204 60 60 177 177 0 255 0 0 0 0 0 0 133 133 243 243 0 255 255 255 255 255 230 230 99 99 60 60 0 255 255 255 255 255 230 230 99 99 60 60 0 255 255 255 255 255 255 255 255 255 0 0 0 255 255 255 255 255 255 255 255 255 0 0 0 255 255 255 255 255 255 255 255 255 0 0 0 99 230 230 255 255 230 230 116 116 0 0 0 116 0 0 0 0 0 0 116 116 230 230 0 116 0 0 0 0 0 0 116 116 230 230 0
3 230 116 116 0 0 0 0 0 133 133 243 243 133 60 60 217 217 255 255 204 0 0 116 116 133 60 60 217 217 255 255 204 0 0 116 116 255 255 255 255 255 255 255 255 81 81 0 0 255 255 255 255 255 255 255 217 0 0 99 99 255 255 255 255 255 255 255 217 0 0 99 99 255 255 255 116 116 0 0 0 0 0 230 230 255 255 255 116 116 0 0 0 0 0 230 230 255 255 255 255 255 255 255 163 0 0 60 60 255 255 255 255 255 255 255 255 133 133 0 0 255 255 255 255 255 255 255 255 133 133 0 0 255 255 255 255 255 255 255 255 148 148 0 0 0 163 163 255 255 255 255 217 60 60 60 60 0 163 163 255 255 255 255 217 60 60 60 60 148 37 37 0 0 0 0 37 116 116 243 243 148 37 37 0 0 0 0 37 116 116 243 243
3 255 255 255 0 0 0 0 0 0 0 255 255 0 0 0 255 255 255 255 255 255 255 0 0 0 0 0 255 255 255 255 255 255 255 0 0 255 255 255 255 255 255 255 255 255 255 0 0 255 255 255 255 255 255 255 255 255 255 0 0 255 255 255 255 255 255 255 255 255 255 0 0 255 255 255 255 255 0 0 0 0 0 255 255 255 255 255 255 255 0 0 0 0 0 255 255 255 255 255 255 255 255 255 255 0 0 255 255 255 255 255 255 255 255 255 255 255 255 0 0 255 255 255 255 255 255 255 255 255 255 0 0 255 255 255 255 255 255 255 255 255 255 0 0 0 255 255 255 255 255 255 255 255 255 0 0 0 255 255 255 255 255 255 255 255 255 0 0 255 0 0 0 0 0 0 0 0 0 255 255 255 0 0 0 0 0 0 0 0 0 255 255
3 255 0 0 0 0 0 0 0 0 255 255 255 0 0 0 255 255 255 255 0 0 0 255 255 0 0 0 255 255 255 255 0 0 0 255 255 0 0 0 255 255 255 255 0 0 0 255 255 255 255 255 255 255 255 255 0 0 0 255 255 255 255 255 255 255 255 0 0 0 255 255 255 255 255 255 0 0 0 0 0 0 255 255 255 255 255 255 0 0 0 0 0 0 255 255 255 255 255 255 255 255 255 255 0 0 0 255 255 255 255 255 255 255 255 255 255 255 0 0 0 255 255 255 255 255 255 255 255 255 0 0 0 255 255 255 255 255 255 255 255 255 0 0 0 0 0 0 255 255 255 255 255 255 0 0 0 0 0 0 255 255 255 255 0 0 0 255 255 255 0 0 0 0 0 0 0 0 255 255 255 255 0 0 0 0 0 0 0 0 255 255 255
3 255 0 0 0 0 0 0 0 255 255 255 255 0 255 255 255 255 255 255 255 0 0 255 255 0 255 255 255 255 255 255 255 255 255 0 0 0 255 255 255 255 255 255 255 255 255 0 0 255 255 255 255 255 255 255 255 255 255 0 0 255 255 255 255 255 255 255 255 0 0 255 255 255 255 255 0 0 0 0 0 255 255 255 255 255 255 255 0 0 0 0 0 255 255 255 255 255 255 255 255 255 255 255 255 0 0 255 255 255 255 255 255 255 255 255 255 255 255 0 0 255 255 255 255 255 255 255 255 255 255 0 0 255 255 255 255 255 255 255 255 255 255 0 0 0 255 255 255 255 255 255 255 255 255 0 0 0 255 255 255 255 255 255 255 0 0 255 255 255 0 0 0 0 0 0 0 255 255 255 255 255 0 0 0 0 0 0 0 255 255 255 255
3 230 116 116 0 0 0 0 37 148 148 255 255 217 0 0 0 0 0 0 0 0 0 148 148 217 0 0 0 0 0 0 0 0 0 148 148 255 255 255 255 255 255 255 133 0 0 81 81 255 255 255 255 255 255 255 133 0 0 148 148 255 255 255 255 255 255 255 133 0 0 148 148 255 255 255 148 148 0 0 0 81 81 255 255 255 255 255 148 148 0 0 0 0 0 133 133 255 255 255 255 255 255 255 163 0 0 0 0 255 255 255 255 255 255 255 163 0 0 0 0 255 255 255 255 255 255 255 255 0 0 0 0 230 116 116 243 243 255 255 163 0 0 0 0 230 116 116 243 243 255 255 163 0 0 0 0 116 0 0 0 0 0 0 0 0 0 133 133 204 99 99 0 0 0 0 60 148 148 255 255 204 99 99 0 0 0 0 60 148 148 255 255
3 255 0 0 0 0 0 0 0 0 255 255 0 0 255 255 255 255 255 255 255 255 0 0 0 0 255 255 255 255 255 255 255 255 0 0 0 255 255 255 255 255 255 255 255 255 0 0 0 255 255 255 255 255 255 255 255 255 0 0 0 255 255 255 255 255 255 255 255 255 0 0 0 255 255 255 255 255 255 255 0 0 255 255 0 255 255 255 0 0 0 0 255 255 255 255 0 255 255 255 255 255 255 255 0 0 0 0 0 255 255 255 255 255 255 255 0 0 0 0 0 255 255 255 255 255 255 255 255 255 0 0 0 255 255 255 255 255 255 255 255 255 0 0 0 255 255 255 255 255 255 255 255 255 0 0 0 0 255 255 255 255 255 255 255 255 0 0 0 255 0 0 0 0 0 0 0 0 255 255 0 255 0 0 0 0 0 0 0 0 255 255 0
3 177 81 81 0 0 0 0 0 81 81 204 204 81 37 37 230 230 255 255 99 0 0 0 0 81 37 37 230 230 255 255 99 0 0 0 0 255 255 255 255 255 255 255 148 0 0 37 37 255 255 255 255 255 191 191 60 37 37 217 217 255 255 255 255 255 191 191 60 37 37 217 217 255 204 204 0 0 0 0 0 133 133 243 243 255 204 204 0 0 0 0 0 133 133 243 243 255 255 255 255 255 230 230 60 0 0 60 60 255 255 255 255 255 255 255 204 0 0 0 0 255 255 255 255 255 255 255 204 0 0 0 0 255 255 255 255 255 255 255 204 0 0 0 0 0 81 81 243 243 255 255 116 0 0 81 81 0 81 81 243 243 255 255 116 0 0 81 81 99 37 37 0 0 0 0 37 148 148 243 243 99 37 37 0 0 0 0 37 148 148 243 243
3 243 148 148 37 37 0 0 0 0 133 133 0 81 116 116 243 243 255 255 148 148 0 0 0 81 116 116 243 243 255 255 148 148 0 0 0 255 255 255 255 255 255 255 204 204 0 0 0 255 255 255 243 243 191 191 99 99 177 177 0 255 255 255 243 243 191 191 99 99 177 177 0 255 204 204 0 0 0 0 81 81 204 204 0 255 204 204 0 0 0 0 81 81 204 204 0 255 255 255 255 255 230 230 116 116 0 0 0 255 255 255 255 255 255 255 243 243 0 0 0 255 255 255 255 255 255 255 243 243 0 0 0 255 255 255 255 255 255 255 255 255 0 0 0 0 148 148 255 255 255 255 148 148 0 0 0 0 148 148 255 255 255 255 148 148 0 0 0 191 99 99 0 0 0 0 60 60 204 204 0 191 99 99 0 0 0 0 60 60 204 204 0
3 60 0 0 0 0 0 0 60 148 148 255 255 163 217 217 255 255 148 148 0 0 0 177 177 255 255 255 255 255 255 255 0 0 0 148 148 255 255 255 255 255 255 255 0 0 0 148 148 255 255 255 255 255 243 243 0 0 0 163 163 255 255 255 230 230 99 99 0 60 60 243 243 148 0 0 0 0 0 0 37 230 230 255 255 148 0 0 0 0 0 0 37 230 230 255 255 255 255 255 230 230 116 116 0 0 0 204 204 255 255 255 255 255 255 255 37 0 0 60 60 255 255 255 255 255 255 255 81 0 0 0 0 255 255 255 255 255 255 255 81 0 0 0 0 255 255 255 255 255 255 255 37 0 0 60 60 191 243 243 243 243 133 133 0 0 0 191 191 37 0 0 0 0 0 0 99 191 191 255 255 37 0 0 0 0 0 0 99 191 191 255 255
3 0 0 0 0 0 0 0 0 0 255 255 0 255 255 255 255 255 255 255 255 255 0 0 0 255 255 255 255 255 255 255 255 255 0 0 0 255 255 255 255 255 255 255 255 255 0 0 0 255 255 255 255 255 255 255 255 255 0 0 0 255 255 255 255 255 255 255 255 255 0 0 0 255 255 0 0 0 0 0 0 0 255 255 0 255 255 0 0 0 0 0 0 0 255 255 0 255 255 255 255 255 255 255 255 255 0 0 0 255 255 255 255 255 255 255 255 255 0 0 0 255 255 255 255 255 255 255 255 255 0 0 0 255 255 255 255 255 255 255 255 255 0 0 0 255 255 255 255 255 255 255 255 255 0 0 0 255 255 255 255 255 255 255 255 255 0 0 0 0 0 0 0 0 0 0 0 0 255 255 0 0 0 0 0 0 0 0 0 0 255 255 0
3 255 255 255 0 0 0 0 0 0 0 255 255 0 0 0 0 255 255 255 0 0 0 0 0 0 0 0 0 255 255 255 0 0 0 0 0 0 0 0 0 255 255 255 0 0 0 0 0 255 255 255 255 255 255 255 0 0 0 0 0 255 255 255 255 255 255 255 0 0 0 0 0 255 255 255 255 255 255 255 0 0 0 255 255 255 255 255 255 0 0 0 0 0 255 255 255 255 255 255 255 255 255 255 0 0 0 0 0 255 255 255 255 255 255 255 0 0 0 0 0 255 255 255 255 255 255 255 0 0 0 0 0 0 0 0 0 255 255 255 0 0 0 0 0 0 0 0 0 255 255 255 0 0 0 0 0 0 0 0 0 255 255 255 0 0 0 0 0 255 255 255 0 0 0 0 0 0 0 255 255 255 255 255 0 0 0 0 0 0 0 255 255
3 255 255 255 0 0 0 0 0 0 0 255 255 0 0 0 255 255 255 255 255 0 0 0 0 0 0 0 255 255 255 255 255 0 0 0 0 0 0 0 255 255 255 255 255 0 0 0 0 255 255 255 255 255 255 255 255 0 0 0 0 255 255 255 255 255 255 255 255 0 0 0 0 255 255 255 255 255 255 255 255 0 0 255 255 255 255 255 255 255 0 0 0 255 255 255 255 255 255 255 255 255 255 255 255 0 0 0 0 255 255 255 255 255 255 255 255 0 0 0 0 255 255 255 255 255 255 255 255 0 0 0 0 0 0 0 255 255 255 255 255 0 0 0 0 0 0 0 255 255 255 255 255 0 0 0 0 0 0 0 255 255 255 255 255 0 0 0 0 255 255 255 0 0 0 0 0 0 0 255 255 255 255 255 0 0 0 0 0 0 0 255 255
3 243 116 116 0 0 0 0 60 60 191 191 0 81 0 0 0 0 0 0 0 0 0 0 0 81 0 0 0 0 0 0 0 0 0 0 0 0 0 0 217 217 243 243 0 0 0 0 0 255 255 255 255 255 243 243 0 0 0 0 0 255 255 255 255 255 243 243 0 0 0 0 0 255 255 255 81 81 0 0 0 0 133 133 0 255 255 255 81 81 0 0 0 0 81 81 0 255 255 255 255 255 243 243 0 0 0 0 0 255 255 255 255 255 243 243 0 0 0 0 0 204 217 217 255 255 255 255 81 81 0 0 0 0 0 0 230 230 230 230 0 0 0 0 0 0 0 0 230 230 230 230 0 0 0 0 0 37 0 0 0 0 0 0 0 0 0 0 0 230 99 99 0 0 0 0 60 60 191 191 0 230 99 99 0 0 0 0 60 60 191 191 0
3 243 116 116 0 0 0 0 60 60 217 217 0 116 0 0 0 0 0 0 0 0 0 0 0 116 0 0 0 0 0 0 0 0 0 0 0 81 133 133 243 243 255 255 116 116 0 0 0 255 255 255 255 255 255 255 116 116 0 0 0 255 255 255 255 255 255 255 116 116 0 0 0 255 255 255 148 148 0 0 0 0 177 177 0 255 255 255 148 148 0 0 0 0 163 163 0 255 255 255 255 255 255 255 116 116 0 0 0 255 255 255 255 255 255 255 116 116 0 0 0 255 255 255 255 255 255 255 204 204 0 0 0 81 148 148 255 255 255 255 133 133 0 0 0 81 148 148 255 255 255 255 133 133 0 0 0 60 0 0 0 0 0 0 0 0 0 0 0 230 99 99 0 0 0 0 60 60 217 217 0 230 99 99 0 0 0 0 60 60 217 217 0
3 255 217 217 81 0 0 0 99 99 217 255 255 204 0 0 0 0 0 0 0 0 0 230 230 81 0 0 0 0 0 0 0 0 0 163 163 81 0 0 0 0 0 0 0 0 0 163 163 163 0 0 177 255 255 217 60 60 0 148 148 255 255 255 60 0 0 0 0 0 0 230 230 255 204 204 0 0 0 0 0 0 133 255 255 255 204 204 0 0 0 0 0 0 133 255 255 255 255 255 60 0 0 0 0 0 0 204 204 255 255 255 255 255 255 204 60 60 0 99 99 37 60 60 230 255 255 243 99 99 0 81 81 37 60 60 230 255 255 243 99 99 0 81 81 0 0 0 0 0 0 0 0 0 0 133 133 133 0 0 0 0 0 0 0 0 60 243 243 255 148 148 37 0 0 0 116 116 243 255 255 255 148 148 37 0 0 0 116 116 243 255 255
3 255 204 204 81 81 0 0 0 116 116 243 243 204 0 0 0 0 0 0 0 0 0 60 60 191 0 0 177 177 255 255 243 116 116 0 0 191 0 0 177 177 255 255 243 116 116 0 0 255 255 255 255 255 255 255 255 191 191 0 0 255 255 255 243 243 204 204 148 0 0 60 60 255 255 255 99 99 0 0 0 37 37 230 230 255 255 255 99 99 0 0 0 37 37 230 230 255 255 255 191 191 99 99 37 0 0 60 60 255 255 255 255 255 255 255 255 116 116 0 0 255 255 255 255 255 255 255 255 204 204 0 0 255 255 255 255 255 255 255 255 204 204 0 0 99 81 81 230 230 255 255 230 116 116 0 0 133 0 0 0 0 0 0 0 0 0 81 81 255 148 148 37 37 0 0 0 133 133 243 243 255 148 148 37 37 0 0 0 133 133 243 243
3 255 255 255 0 0 0 0 0 0 255 255 255 255 0 0 0 255 255 255 0 0 0 255 255 0 0 0 255 255 255 255 255 255 0 0 0 0 0 0 255 255 255 255 255 255 0 0 0 255 255 255 255 255 255 255 255 255 0 0 0 255 255 255 255 255 255 255 0 0 0 255 255 255 255 255 255 0 0 0 0 0 255 255 255 255 255 255 255 0 0 0 0 0 255 255 255 255 255 255 255 255 255 255 0 0 0 255 255 255 255 255 255 255 255 255 255 255 0 0 0 255 255 255 255 255 255 255 255 255 0 0 0 255 255 255 255 255 255 255 255 255 0 0 0 0 0 0 255 255 255 255 255 255 0 0 0 255 0 0 0 255 255 255 0 0 0 255 255 255 255 255 0 0 0 0 0 0 255 255 255 255 255 255 0 0 0 0 0 0 255 255 255
3 255 255 255 0 0 0 0 0 255 255 255 255 255 0 0 255 255 255 255 255 0 0 255 255 0 255 255 255 255 255 255 255 255 255 0 0 0 255 255 255 255 255 255 255 255 255 0 0 255 255 255 255 255 255 255 255 255 255 0 0 255 255 255 255 255 255 255 255 0 0 255 255 255 255 255 255 255 0 0 0 255 255 255 255 255 255 255 255 255 0 0 0 255 255 255 255 255 255 255 255 255 255 255 255 0 0 255 255 255 255 255 255 255 255 255 255 255 255 0 0 255 255 255 255 255 255 255 255 255 255 0 0 255 255 255 255 255 255 255 255 255 255 0 0 0 255 255 255 255 255 255 255 255 255 0 0 255 0 0 255 255 255 255 255 0 0 255 255 255 255 255 0 0 0 0 0 255 255 255 255 255 255 255 0 0 0 0 0 255 255 255 255
3 0 0 0 0 0 37 37 177 177 255 255 0 255 255 255 230 230 37 37 0 0 217 217 0 255 255 255 230 230 37 37 0 0 217 217 0 255 255 255 255 255 133 133 0 0 217 217 0 255 243 243 163 163 0 0 177 177 255 255 0 255 243 243 163 163 0 0 177 177 255 255 0 148 0 0 0 0 37 37 133 133 243 243 0 148 0 0 0 0 37 37 133 133 243 243 0 255 255 255 204 204 60 60 0 0 116 116 0 255 255 255 255 255 204 204 0 0 81 81 0 255 255 255 255 255 204 204 0 0 81 81 0 255 255 255 255 255 148 148 0 0 148 148 0 230 191 191 81 81 0 0 133 133 255 255 0 230 191 191 81 81 0 0 133 133 255 255 0 0 81 81 133 133 230 230 255 255 255 255 0 0 81 81 133 133 230 230 255 255 255 255 0
3 37 0 0 0 0 37 37 177 177 255 255 0 255 255 255 255 255 191 191 0 0 217 217 0 255 255 255 255 255 191 191 0 0 217 217 0 255 255 255 255 255 255 255 60 60 217 217 0 255 255 255 217 217 116 116 133 133 255 255 0 255 255 255 217 217 116 116 133 133 255 255 0 204 0 0 0 0 37 37 148 148 243 243 0 204 0 0 0 0 37 37 148 148 243 243 0 255 255 255 230 230 177 177 0 0 116 116 0 255 255 255 255 255 255 255 148 148 0 0 0 255 255 255 255 255 255 255 148 148 0 0 0 255 255 255 255 255 255 255 81 81 133 133 0 255 204 204 163 163 37 37 99 99 243 243 0 255 204 204 163 163 37 37 99 99 243 243 0 0 60 60 116 116 204 204 255 255 255 255 0 0 60 60 116 116 204 204 255 255 255 255 0
3 0 0 0 0 0 37 37 148 148 255 255 0 255 255 255 255 255 133 133 0 0 163 163 0 255 255 255 255 255 133 133 0 0 163 163 0 255 255 255 255 255 204 204 0 0 81 81 0 255 255 255 243 243 116 116 0 0 191 191 0 255 255 255 243 243 116 116 0 0 191 191 0 255 0 0 0 0 0 0 99 99 255 255 0 255 0 0 0 0 0 0 99 99 255 255 0 255 255 255 255 255 148 148 0 0 133 133 0 255 255 255 255 255 255 255 0 0 0 0 0 255 255 255 255 255 255 255 0 0 0 0 0 255 255 255 255 255 255 255 0 0 37 37 0 255 255 255 243 243 116 116 0 0 148 148 0 255 255 255 243 243 116 116 0 0 148 148 0 0 0 0 0 0 60 60 163 163 255 255 0 0 0 0 0 0 60 60 163 163 255 255 0
3 37 37 0 0 0 0 99 99 99 217 217 0 255 255 255 255 243 243 116 116 116 37 37 0 255 255 255 255 243 243 116 116 116 37 37 0 255 255 255 255 255 255 204 204 204 0 0 0 255 255 255 255 230 230 99 99 99 116 116 0 255 255 255 255 230 230 99 99 99 116 116 0 204 204 0 0 0 0 60 60 60 230 230 0 204 204 0 0 0 0 60 60 60 230 230 0 255 255 255 255 243 243 163 163 163 0 0 0 255 255 255 255 255 255 255 255 255 60 60 0 255 255 255 255 255 255 255 255 255 60 60 0 255 255 255 255 255 255 255 255 255 37 37 0 255 255 255 255 243 243 133 133 133 0 0 0 255 255 255 255 243 243 133 133 133 0 0 0 0 0 0 0 0 0 99 99 99 217 217 0 0 0 0 0 0 0 99 99 99 217 217 0
3 204 99 99 0 0 0 0 37 177 177 255 255 191 230 230 255 255 163 163 0 0 0 217 217 191 230 230 255 255 163 163 0 0 0 217 217 255 255 255 255 255 255 255 60 0 0 204 204 255 255 255 255 255 243 243 0 0 0 243 243 255 255 255 255 255 243 243 0 0 0 243 243 255 255 255 191 191 99 99 116 243 243 255 255 255 99 99 0 0 0 0 0 99 99 243 243 255 255 255 255 255 217 217 60 0 0 99 99 255 255 255 255 255 217 217 60 0 0 99 99 255 255 255 255 255 255 255 148 0 0 81 81 255 255 255 255 255 255 255 99 0 0 148 148 255 255 255 255 255 255 255 99 0 0 148 148 255 217 217 177 177 81 81 0 99 99 243 243 0 0 0 81 81 116 116 204 255 255 255 255 0 0 0 81 81 116 116 204 255 255 255 255
3 230 116 116 0 0 0 0 37 191 191 255 255 191 217 217 255 255 230 230 60 0 0 230 230 191 217 217 255 255 230 230 60 0 0 230 230 255 255 255 255 255 255 255 204 0 0 217 217 255 255 255 255 255 255 255 163 81 81 255 255 255 255 255 255 255 255 255 163 81 81 255 255 255 255 255 230 230 163 163 148 243 243 255 255 255 204 204 0 0 0 0 0 116 116 255 255 255 255 255 255 255 243 243 163 0 0 163 163 255 255 255 255 255 243 243 163 0 0 163 163 255 255 255 255 255 255 255 255 60 60 116 116 255 255 255 255 255 255 255 217 0 0 191 191 255 255 255 255 255 255 255 217 0 0 191 191 255 230 230 191 191 116 116 0 148 148 255 255 0 0 0 81 81 133 133 230 255 255 255 255 0 0 0 81 81 133 133 230 255 255 255 255
4 255 255 255 255 255 255 230 0 0 0 204 204 255 255 255 255 255 255 81 0 0 0 204 204 255 255 255 255 191 191 0 0 0 0 204 204 255 255 255 255 191 191 0 0 0 0 204 204 255 255 255 243 37 37 0 0 0 0 204 204 255 255 255 133 0 0 81 0 0 0 204 204 255 217 217 0 60 60 204 0 0 0 204 204 255 217 217 0 60 60 204 0 0 0 204 204 255 81 81 0 204 204 204 0 0 0 204 204 177 0 0 116 255 255 204 0 0 0 204 204 81 0 0 0 0 0 0 0 0 0 0 0 81 0 0 0 0 0 0 0 0 0 0 0 81 0 0 0 0 0 0 0 0 0 0 0 255 255 255 255 255 255 204 0 0 0 204 204 255 255 255 255 255 255 204 0 0 0 204 204 255 255 255 255 255 255 204 0 0 0 204 204
4 255 255 255 255 255 255 255 255 255 0 255 255 255 255 255 255 255 255 255 0 0 0 255 255 255 255 255 255 255 255 0 255 255 0 255 255 255 255 255 255 255 255 0 255 255 0 255 255 255 255 255 255 0 0 255 255 255 0 255 255 255 255 255 255 0 0 255 255 255 0 255 255 255 255 255 0 255 255 255 255 255 0 255 255 255 255 255 0 255 255 255 255 255 0 255 255 255 0 0 255 255 255 255 255 255 0 255 255 0 255 255 255 255 255 255 255 255 0 255 255 0 0 0 0 0 0 0 0 0 0 0 0 0 0 0 0 0 0 0 0 0 0 0 0 255 255 255 255 255 255 255 255 255 0 255 255 255 255 255 255 255 255 255 255 255 0 255 255 255 255 255 255 255 255 255 255 255 0 255 255 255 255 255 255 255 255 255 255 255 0 255 255
4 255 255 255 255 163 163 0 0 0 99 255 255 255 255 255 230 0 0 0 0 0 81 255 255 255 255 255 230 0 0 0 0 0 81 255 255 255 255 255 99 0 0 60 0 0 81 255 255 255 204 204 0 99 99 148 0 0 81 255 255 255 204 204 0 99 99 148 0 0 81 255 255 255 37 37 0 230 230 148 0 0 81 255 255 255 37 37 0 230 230 148 0 0 81 255 255 163 0 0 163 255 255 148 0 0 81 255 255 81 0 0 0 0 0 0 0 0 0 81 81 81 0 0 0 0 0 0 0 0 0 81 81 99 0 0 0 0 0 0 0 0 0 81 81 255 255 255 255 255 255 148 0 0 81 255 255 255 255 255 255 255 255 148 0 0 81 255 255 255 255 255 255 255 255 163 0 0 99 255 255 255 255 255 255 255 255 163 0 0 99 255 255
4 255 255 255 255 255 60 60 0 204 204 255 255 255 255 255 148 148 81 81 0 204 204 255 255 255 255 255 148 148 81 81 0 204 204 255 255 255 243 243 0 0 217 217 0 204 204 255 255 255 116 116 116 116 255 255 0 204 204 255 255 255 116 116 116 116 255 255 0 204 204 255 255 230 0 0 230 230 255 255 0 204 204 255 255 230 0 0 230 230 255 255 0 204 204 255 255 81 148 148 255 255 255 255 0 204 204 255 255 0 243 243 255 255 255 255 0 204 204 255 255 0 243 243 255 255 255 255 0 204 204 255 255 0 0 0 0 0 0 0 0 0 0 116 116 255 255 255 255 255 255 255 0 204 204 255 255 255 255 255 255 255 255 255 0 204 204 255 255 255 255 255 255 255 255 255 0 204 204 255 255 255 255 255 255 255 255 255 0 204 204 255 255
4 255 255 255 255 255 243 243 37 37 148 148 0 255 255 255 255 255 133 133 0 0 148 148 0 255 255 255 255 255 133 133 0 0 148 148 0 255 255 255 191 191 0 0 0 0 148 148 0 255 243 243 37 37 60 60 0 0 148 148 0 255 243 243 37 37 60 60 0 0 148 148 0 255 99 99 204 204 81 81 0 0 148 148 0 163 133 133 255 255 81 81 0 0 148 148 0 60 243 243 255 255 81 81 0 0 148 148 0 60 243 243 255 255 81 81 0 0 148 148 0 0 0 0 0 0 0 0 0 0 0 0 0 0 0 0 0 0 0 0 0 0 0 0 0 0 0 0 0 0 0 0 0 0 0 0 0 255 255 255 255 255 81 81 0 0 148 148 0 255 255 255 255 255 81 81 0 0 148 148 0 255 255 255 255 255 81 81 0 0 148 148 0
4 255 255 255 255 255 255 255 255 0 0 255 255 255 255 255 255 255 255 255 0 0 0 255 255 255 255 255 255 255 255 255 0 0 0 255 255 255 255 255 255 255 0 0 255 0 0 255 255 255 255 255 255 255 0 0 255 0 0 255 255 255 255 255 255 255 0 0 255 0 0 255 255 255 255 255 0 0 255 255 255 0 0 255 255 255 0 0 255 255 255 255 255 0 0 255 255 0 255 255 255 255 255 255 255 0 0 255 255 0 255 255 255 255 255 255 255 0 0 255 255 0 0 0 0 0 0 0 0 0 0 0 0 255 255 255 255 255 255 255 255 0 0 255 255 255 255 255 255 255 255 255 255 0 0 255 255 255 255 255 255 255 255 255 255 0 0 255 255 255 255 255 255 255 255 255 255 0 0 255 255 255 255 255 255 255 255 255 255 0 0 255 255
4 255 255 255 255 204 204 0 0 0 81 255 255 255 255 255 243 37 37 0 0 0 81 255 255 255 255 255 243 37 37 0 0 0 81 255 255 255 255 255 133 0 0 99 0 0 81 255 255 255 204 204 0 99 99 204 0 0 81 255 255 255 204 204 0 99 99 204 0 0 81 255 255 243 37 37 0 243 243 204 0 0 81 255 255 243 37 37 0 243 243 204 0 0 81 255 255 133 0 0 204 255 255 204 0 0 81 255 255 0 0 0 0 0 0 0 0 0 0 0 0 0 0 0 0 0 0 0 0 0 0 0 0 0 0 0 0 0 0 0 0 0 0 0 0 255 255 255 255 255 255 204 0 0 81 255 255 255 255 255 255 255 255 204 0 0 81 255 255 255 255 255 255 255 255 204 0 0 81 255 255 255 255 255 255 255 255 204 0 0 81 255 255
4 255 255 255 255 255 255 60 0 0 148 255 255 255 255 255 255 163 163 37 0 0 148 255 255 255 255 255 255 163 163 37 0 0 148 255 255 255 255 255 230 0 0 191 0 0 148 255 255 255 255 255 99 99 99 255 0 0 148 255 255 255 255 255 99 99 99 255 0 0 148 255 255 255 191 191 0 230 230 255 0 0 148 255 255 255 191 191 0 230 230 255 0 0 148 255 255 243 37 37 163 255 255 255 0 0 148 255 255 133 60 60 255 255 255 255 0 0 148 255 255 133 60 60 255 255 255 255 0 0 148 255 255 0 0 0 0 0 0 0 0 0 0 0 0 255 255 255 255 255 255 255 0 0 148 255 255 255 255 255 255 255 255 255 0 0 148 255 255 255 255 255 255 255 255 255 0 0 148 255 255 255 255 255 255 255 255 255 0 0 148 255 255
4 255 255 255 255 255 255 255 0 0 0 255 255 255 255 255 255 255 255 0 0 0 0 255 255 255 255 255 255 255 0 255 0 0 0 255 255 255 255 255 255 255 0 255 0 0 0 255 255 255 255 255 255 0 255 255 0 0 0 255 255 255 255 0 0 255 255 255 0 0 0 255 255 255 0 255 255 255 255 255 0 0 0 255 255 255 0 255 255 255 255 255 0 0 0 255 255 0 255 255 255 255 255 255 0 0 0 255 255 0 0 0 0 0 0 0 0 0 0 0 0 255 255 255 255 255 255 255 0 0 0 255 255 255 255 255 255 255 255 255 0 0 0 255 255 255 255 255 255 255 255 255 0 0 0 255 255 255 255 255 255 255 255 255 0 0 0 255 255 255 255 255 255 255 255 255 0 0 0 255 255 255 255 255 255 255 255 255 0 0 0 255 255
4 255 255 255 255 255 255 255 255 0 255 255 255 255 255 255 255 255 255 0 0 0 255 255 255 255 255 255 255 255 0 255 255 0 255 255 255 255 255 255 255 255 0 255 255 0 255 255 255 255 255 255 255 0 255 255 255 0 255 255 255 255 255 0 0 255 255 255 255 0 255 255 255 255 0 255 255 255 255 255 255 0 255 255 255 255 0 255 255 255 255 255 255 0 255 255 255 0 255 255 255 255 255 255 255 0 255 255 255 0 255 255 255 255 255 255 255 0 255 255 255 0 0 0 0 0 0 0 0 0 0 0 0 0 0 0 0 0 0 0 0 0 0 0 0 255 255 255 255 255 255 255 255 0 255 255 255 255 255 255 255 255 255 255 255 0 255 255 255 255 255 255 255 255 255 255 255 0 255 255 255 255 255 255 255 255 255 255 255 0 255 255 255
4 255 255 255 255 255 255 255 0 0 0 255 255 255 255 255 255 255 255 0 0 0 0 255 255 255 255 255 255 255 0 255 0 0 0 255 255 255 255 255 255 255 0 255 0 0 0 255 255 255 255 255 255 0 255 255 0 0 0 255 255 255 255 0 0 255 255 255 0 0 0 255 255 255 0 255 255 255 255 255 0 0 0 255 255 255 0 255 255 255 255 255 0 0 0 255 255 0 255 255 255 255 255 255 0 0 0 255 255 0 0 0 0 0 0 0 0 0 0 0 0 255 255 255 255 255 255 255 0 0 0 255 255 255 255 255 255 255 255 255 0 0 0 255 255 255 255 255 255 255 255 255 0 0 0 255 255 255 255 255 255 255 255 255 0 0 0 255 255 255 255 255 255 255 255 255 0 0 0 255 255 255 255 255 255 255 255 255 0 0 0 255 255
4 255 255 255 255 255 255 255 255 255 0 255 255 255 255 255 255 255 255 255 0 0 0 255 255 255 255 255 255 255 255 0 255 255 0 255 255 255 255 255 255 255 255 0 255 255 0 255 255 255 255 255 255 0 0 255 255 255 0 255 255 255 255 255 0 255 255 255 255 255 0 255 255 255 0 0 255 255 255 255 255 255 0 255 255 255 0 0 255 255 255 255 255 255 0 255 255 0 255 255 255 255 255 255 255 255 0 255 255 0 0 0 0 0 0 0 0 0 0 0 0 255 255 255 255 255 255 255 255 255 0 255 255 255 255 255 255 255 255 255 255 255 0 255 255 255 255 255 255 255 255 255 255 255 0 255 255 255 255 255 255 255 255 255 255 255 0 255 255 255 255 255 255 255 255 255 255 255 0 255 255 255 255 255 255 255 255 255 255 255 0 255 255
4 255 255 255 255 255 230 0 0 0 148 255 255 255 255 255 255 255 116 0 0 0 148 255 255 255 255 255 255 255 116 0 0 0 148 255 255 255 255 255 255 204 0 0 0 0 148 255 255 255 255 243 243 37 0 60 60 0 148 255 255 255 255 243 243 37 0 60 60 0 148 255 255 255 255 99 99 0 163 81 81 0 148 255 255 255 163 0 0 99 255 81 81 0 148 255 255 177 0 60 60 243 255 81 81 0 148 255 255 177 0 60 60 243 255 81 81 0 148 255 255 81 0 0 0 0 0 0 0 0 0 81 81 81 0 0 0 0 0 0 0 0 0 81 81 81 0 0 0 0 0 0 0 0 0 81 81 255 255 255 255 255 255 81 81 0 148 255 255 255 255 255 255 255 255 81 81 0 148 255 255 255 255 255 255 255 255 81 81 0 148 255 255
4 255 255 255 255 255 255 243 0 0 81 255 255 255 255 255 255 255 255 148 0 0 81 255 255 255 255 255 255 255 255 148 0 0 81 255 255 255 255 255 255 217 217 0 60 60 81 255 255 255 255 255 243 37 37 191 81 81 81 255 255 255 255 255 243 37 37 191 81 81 81 255 255 255 255 255 116 133 133 255 81 81 81 255 255 255 148 148 60 255 255 255 81 81 81 255 255 177 0 0 243 255 255 255 81 81 81 255 255 177 0 0 243 255 255 255 81 81 81 255 255 0 0 0 0 0 0 0 0 0 0 0 0 255 255 255 255 255 255 255 81 81 81 255 255 255 255 255 255 255 255 255 81 81 81 255 255 255 255 255 255 255 255 255 81 81 81 255 255 255 255 255 255 255 255 255 81 81 81 255 255 255 255 255 255 255 255 255 81 81 81 255 255
4 255 255 255 255 255 148 148 0 0 0 255 255 255 255 255 243 243 0 0 0 0 0 255 255 255 255 255 243 243 0 0 0 0 0 255 255 255 255 255 148 148 0 0 37 0 0 255 255 255 230 230 0 0 133 133 81 0 0 255 255 255 230 230 0 0 133 133 81 0 0 255 255 255 116 116 0 0 243 243 81 0 0 255 255 255 116 116 0 0 243 243 81 0 0 255 255 230 0 0 177 177 255 255 81 0 0 255 255 81 81 81 255 255 255 255 81 0 0 255 255 81 81 81 255 255 255 255 81 0 0 255 255 0 0 0 0 0 0 0 0 0 0 0 0 255 255 255 255 255 255 255 81 0 0 255 255 255 255 255 255 255 255 255 81 0 0 255 255 255 255 255 177 177 0 0 0 0 0 0 0 255 255 255 177 177 0 0 0 0 0 0 0
4 255 255 255 255 255 255 255 0 0 255 255 0 255 255 255 255 255 0 0 0 0 255 255 0 255 255 255 255 255 0 0 0 0 255 255 0 255 255 255 0 0 255 255 0 0 255 255 0 255 0 0 255 255 255 255 0 0 255 255 0 255 0 0 255 255 255 255 0 0 255 255 0 255 0 0 255 255 255 255 0 0 255 255 0 255 0 0 255 255 255 255 0 0 255 255 0 0 255 255 255 255 255 255 0 0 255 255 0 0 0 0 0 0 0 0 0 0 0 0 0 0 0 0 0 0 0 0 0 0 0 0 0 255 255 255 255 255 255 255 0 0 255 255 0 255 255 255 255 255 255 255 0 0 255 255 0 255 255 255 255 255 255 255 0 0 255 255 0 255 255 255 0 0 0 0 0 0 0 0 0 255 255 255 0 0 0 0 0 0 0 0 0
4 255 255 255 255 255 255 0 0 0 255 255 255 255 255 255 255 255 0 0 0 0 255 255 255 255 255 255 255 255 0 0 0 0 255 255 255 255 255 255 255 255 0 0 0 0 255 255 255 255 255 255 255 0 255 0 0 0 255 255 255 255 255 0 0 255 255 0 0 0 255 255 255 255 0 255 255 255 255 0 0 0 255 255 255 255 0 255 255 255 255 0 0 0 255 255 255 255 0 255 255 255 255 0 0 0 255 255 255 0 255 255 255 255 255 0 0 0 255 255 255 0 0 0 0 0 0 0 0 0 0 0 0 0 0 0 0 0 0 0 0 0 0 0 0 255 255 255 255 255 255 0 0 0 255 255 255 255 255 255 255 255 255 0 0 0 255 255 255 255 255 255 255 255 255 0 0 0 255 255 255 255 255 255 255 255 255 0 0 0 255 255 255
4 255 255 255 255 255 255 255 0 0 255 255 255 255 255 255 255 255 255 0 0 0 255 255 255 255 255 255 255 0 0 255 0 0 255 255 255 255 255 255 255 0 0 255 0 0 255 255 255 255 255 255 0 255 255 255 0 0 255 255 255 255 0 0 255 255 255 255 0 0 255 255 255 0 255 255 255 255 255 255 0 0 255 255 255 0 255 255 255 255 255 255 0 0 255 255 255 0 255 255 255 255 255 255 0 0 255 255 255 0 0 0 0 0 0 0 0 0 0 0 0 255 255 255 255 255 255 255 0 0 255 255 255 255 255 255 255 255 255 255 0 0 255 255 255 255 255 255 255 255 255 255 0 0 255 255 255 255 255 255 255 255 255 255 0 0 255 255 255 255 255 255 255 255 255 255 0 0 255 255 255 255 255 255 255 255 255 255 0 0 255 255 255
4 255 255 255 255 255 255 255 116 116 81 255 255 255 255 255 255 255 255 116 0 0 81 255 255 255 255 255 255 255 255 116 0 0 81 255 255 255 255 255 255 148 148 0 0 0 81 255 255 255 255 255 177 0 0 99 0 0 81 255 255 255 255 255 177 0 0 99 0 0 81 255 255 255 191 191 0 217 217 148 0 0 81 255 255 217 0 0 177 255 255 148 0 0 81 255 255 0 0 0 0 0 0 0 0 0 0 81 81 0 0 0 0 0 0 0 0 0 0 81 81 0 0 0 0 0 0 0 0 0 0 81 81 255 255 255 255 255 255 148 0 0 81 255 255 255 255 255 255 255 255 148 0 0 81 255 255 255 255 255 255 255 255 148 0 0 81 255 255 255 255 255 255 255 255 148 0 0 81 255 255 255 255 255 255 255 255 148 0 0 81 255 255
4 255 255 255 255 255 255 255 255 0 0 255 255 255 255 255 255 255 255 255 0 0 0 255 255 255 255 255 255 255 255 255 0 0 0 255 255 255 255 255 255 255 0 0 255 0 0 255 255 255 255 255 0 0 255 255 255 0 0 255 255 255 255 255 0 0 255 255 255 0 0 255 255 255 255 255 0 0 255 255 255 0 0 255 255 255 0 0 255 255 255 255 255 0 0 255 255 0 255 255 255 255 255 255 255 0 0 255 255 0 255 255 255 255 255 255 255 0 0 255 255 0 0 0 0 0 0 0 0 0 0 0 0 255 255 255 255 255 255 255 255 0 0 255 255 255 255 255 255 255 255 255 255 0 0 255 255 255 255 255 255 255 255 255 255 0 0 255 255 255 255 255 255 255 255 255 255 0 0 255 255 255 255 255 255 255 255 255 255 0 0 255 255
4 255 255 255 255 217 217 0 0 0 255 255 255 255 255 255 243 0 0 0 0 0 255 255 255 255 255 255 243 0 0 0 0 0 255 255 255 255 255 255 81 99 99 0 0 0 255 255 255 255 148 148 81 204 204 0 0 0 255 255 255 255 148 148 81 204 204 0 0 0 255 255 255 191 0 0 243 177 177 0 0 0 255 255 255 191 0 0 243 177 177 0 0 0 255 255 255 0 204 204 255 148 148 0 0 0 243 37 37 0 0 0 0 0 0 0 0 0 0 0 0 0 0 0 0 0 0 0 0 0 0 0 0 255 255 255 255 148 148 0 0 0 255 255 255 255 255 255 255 148 148 0 0 0 255 255 255 255 255 255 255 148 148 0 0 0 255 255 255 255 255 255 217 0 0 0 0 0 116 255 255 255 255 255 217 0 0 0 0 0 116 255 255
4 255 255 255 255 255 217 217 0 204 204 255 255 255 255 255 243 243 60 60 0 204 204 255 255 255 255 255 243 243 60 60 0 204 204 255 255 255 255 255 116 116 163 163 0 204 204 255 255 255 177 177 99 99 255 255 0 204 204 255 255 255 177 177 99 99 255 255 0 204 204 255 255 230 60 60 243 243 255 255 0 204 204 255 255 230 60 60 243 243 255 255 0 204 204 255 255 60 217 217 255 255 255 255 0 204 204 148 148 0 0 0 0 0 0 0 0 0 0 0 0 0 0 0 0 0 0 0 0 0 0 0 0 255 255 255 255 255 255 255 0 204 204 255 255 255 255 255 255 255 243 243 0 177 177 255 255 255 255 255 255 255 243 243 0 177 177 255 255 255 255 255 255 255 37 37 0 0 0 217 217 255 255 255 255 255 37 37 0 0 0 217 217
4 255 255 255 255 255 133 0 0 0 204 255 255 255 255 255 255 217 0 0 0 0 204 255 255 255 255 255 255 60 116 0 0 0 204 255 255 255 255 255 255 60 116 0 0 0 204 255 255 255 255 148 148 0 191 0 0 0 204 255 255 255 230 0 0 116 204 0 0 0 204 255 255 255 81 0 0 217 204 0 0 0 204 255 255 255 81 0 0 217 204 0 0 0 204 255 255 191 0 60 60 255 204 0 0 0 204 255 255 0 0 163 163 255 204 0 0 0 204 255 255 0 0 0 0 0 0 0 0 0 0 81 81 0 0 0 0 0 0 0 0 0 0 81 81 255 255 255 255 255 204 0 0 0 204 255 255 255 255 255 255 255 204 0 0 0 204 255 255 255 255 255 255 255 204 0 0 0 204 255 255 255 255 255 255 255 204 0 0 0 204 255 255
4 255 255 255 255 255 255 255 0 0 255 255 255 255 255 255 255 255 255 0 0 0 255 255 255 255 255 255 255 0 0 255 0 0 255 255 255 255 255 255 255 0 0 255 0 0 255 255 255 255 255 255 255 0 0 255 0 0 255 255 255 255 255 255 0 255 255 255 0 0 255 255 255 255 0 0 255 255 255 255 0 0 255 255 255 255 0 0 255 255 255 255 0 0 255 255 255 255 0 0 255 255 255 255 0 0 255 255 255 0 255 255 255 255 255 255 0 0 255 255 255 0 0 0 0 0 0 0 0 0 0 0 0 0 0 0 0 0 0 0 0 0 0 0 0 255 255 255 255 255 255 255 0 0 255 255 255 255 255 255 255 255 255 255 0 0 255 255 255 255 255 255 255 255 255 255 0 0 255 255 255 255 255 255 255 255 255 255 0 0 255 255 255
4 255 255 255 255 255 255 0 0 0 0 255 255 255 255 255 255 0 0 0 0 0 0 255 255 255 255 255 255 0 0 0 0 0 0 255 255 255 255 255 255 0 0 0 0 0 0 255 255 255 255 255 0 0 0 0 0 0 0 255 255 255 255 255 0 0 0 0 0 0 0 255 255 255 255 255 0 0 0 0 0 0 0 255 255 255 0 0 0 255 255 0 0 0 0 255 255 255 0 0 0 255 255 0 0 0 0 255 255 255 0 0 0 255 255 0 0 0 0 255 255 0 0 0 255 255 255 0 0 0 0 255 255 0 0 0 0 0 0 0 0 0 0 0 0 0 0 0 0 0 0 0 0 0 0 0 0 255 255 255 255 255 255 0 0 0 0 255 255 255 255 255 255 255 255 0 0 0 0 255 255 255 255 255 255 255 255 0 0 0 0 255 255
4 255 255 255 255 255 255 255 0 0 0 255 255 255 255 255 255 255 0 0 0 0 0 255 255 255 255 255 255 255 0 0 0 0 0 255 255 255 255 255 255 255 0 0 0 0 0 255 255 255 255 255 0 0 255 255 0 0 0 255 255 255 255 255 0 0 255 255 0 0 0 255 255 255 255 255 0 0 255 255 0 0 0 255 255 255 0 0 255 255 255 255 0 0 0 255 255 255 0 0 255 255 255 255 0 0 0 255 255 255 0 0 255 255 255 255 0 0 0 255 255 0 255 255 255 255 255 255 0 0 0 255 255 0 0 0 0 0 0 0 0 0 0 0 0 0 0 0 0 0 0 0 0 0 0 0 0 255 255 255 255 255 255 255 0 0 0 255 255 255 255 255 255 255 255 255 0 0 0 255 255 255 255 255 255 255 255 255 0 0 0 255 255
4 255 255 255 255 255 37 37 0 148 148 255 255 255 255 255 177 177 0 0 0 243 243 255 255 255 255 255 177 177 0 0 0 243 243 255 255 255 255 255 37 37 0 0 116 255 255 255 255 255 177 177 0 0 0 0 230 255 255 255 255 255 177 177 0 0 0 0 230 255 255 255 255 255 37 37 0 0 116 116 255 255 255 255 255 177 0 0 0 0 230 230 148 0 0 148 148 37 0 0 116 116 255 255 148 0 0 148 148 37 0 0 116 116 255 255 148 0 0 148 148 0 0 0 0 0 0 0 0 0 0 0 0 0 0 0 0 0 0 0 0 0 0 0 0 0 0 0 0 0 0 0 0 0 0 0 0 255 255 255 255 255 255 255 148 0 0 148 148 255 255 255 255 255 255 255 148 0 0 148 148 255 255 255 255 255 255 255 148 0 0 148 148
4 255 255 255 255 255 177 177 0 204 204 255 255 255 255 255 255 255 37 37 81 255 255 255 255 255 255 255 255 255 37 37 81 255 255 255 255 255 255 255 177 177 0 0 191 255 255 255 255 255 255 255 37 37 37 37 255 255 255 255 255 255 255 255 37 37 37 37 255 255 255 255 255 255 204 204 0 0 177 177 255 255 255 255 255 255 81 81 37 37 255 255 255 0 0 148 148 204 0 0 163 163 255 255 255 0 0 148 148 204 0 0 163 163 255 255 255 0 0 148 148 81 0 0 243 243 255 255 255 0 0 148 148 0 0 0 0 0 0 0 0 0 0 0 0 0 0 0 0 0 0 0 0 0 0 0 0 255 255 255 255 255 255 255 255 0 0 148 148 255 255 255 255 255 255 255 255 0 0 148 148 255 255 255 255 255 255 255 255 0 0 148 148
4 255 255 255 255 255 255 133 133 0 133 255 255 255 255 255 255 255 148 0 0 0 81 255 255 255 255 255 255 217 0 0 0 0 81 255 255 255 255 255 255 217 0 0 0 0 81 255 255 255 255 243 243 37 0 81 81 0 81 255 255 255 255 116 116 0 148 148 148 0 81 255 255 255 191 0 0 81 255 148 148 0 81 255 255 255 191 0 0 81 255 148 148 0 81 255 255 217 0 0 0 0 0 0 0 0 0 0 0 81 0 0 0 0 0 0 0 0 0 0 0 133 0 0 0 0 0 0 0 0 0 0 0 133 0 0 0 0 0 0 0 0 0 0 0 255 255 255 255 255 255 148 148 0 81 255 255 255 255 255 255 255 255 163 163 0 81 255 255 255 255 255 255 255 255 217 217 0 116 255 255 255 255 255 255 255 255 217 217 0 116 255 255
4 255 255 255 255 255 255 163 163 0 163 255 255 255 255 255 255 255 217 0 0 0 148 255 255 255 255 255 255 255 60 37 37 0 148 255 255 255 255 255 255 255 60 37 37 0 148 255 255 255 255 255 255 148 0 204 204 0 148 255 255 255 255 217 217 0 133 255 255 0 148 255 255 255 255 60 60 60 255 255 255 0 148 255 255 255 255 60 60 60 255 255 255 0 148 255 255 255 148 0 0 217 255 255 255 0 148 255 255 204 0 0 0 0 0 0 0 0 0 0 0 99 0 0 0 0 0 0 0 0 0 0 0 99 0 0 0 0 0 0 0 0 0 0 0 255 255 255 255 255 255 255 255 0 148 255 255 255 255 255 255 255 255 255 255 0 148 255 255 255 255 255 255 255 255 255 255 0 163 255 255 255 255 255 255 255 255 255 255 0 163 255 255
4 255 255 255 255 255 255 255 0 0 0 255 255 255 255 255 255 255 255 0 0 0 0 255 255 255 255 255 255 255 255 0 0 0 0 255 255 255 255 255 255 255 255 0 0 0 0 255 255 255 255 255 255 0 0 0 0 0 0 255 255 255 255 255 0 0 0 255 0 0 0 255 255 255 255 255 0 0 0 255 0 0 0 255 255 255 255 255 0 0 0 255 0 0 0 255 255 255 0 0 0 255 255 255 0 0 0 255 255 0 0 0 255 255 255 255 0 0 0 255 255 0 0 0 0 0 0 0 0 0 0 0 0 0 0 0 0 0 0 0 0 0 0 0 0 255 255 255 255 255 255 255 0 0 0 255 255 255 255 255 255 255 255 255 0 0 0 255 255 255 255 255 255 255 255 255 0 0 0 255 255 255 255 255 255 255 255 255 0 0 0 255 255
4 255 255 255 255 255 255 255 255 0 0 255 255 255 255 255 255 255 255 255 0 0 0 255 255 255 255 255 255 255 255 255 0 0 0 255 255 255 255 255 255 255 255 255 0 0 0 255 255 255 255 255 255 255 0 0 255 0 0 255 255 255 255 255 0 0 255 255 255 0 0 255 255 255 255 255 0 0 255 255 255 0 0 255 255 255 255 255 0 0 255 255 255 0 0 255 255 255 0 0 255 255 255 255 255 0 0 255 255 0 255 255 255 255 255 255 255 0 0 255 255 0 0 0 0 0 0 0 0 0 0 0 0 0 0 0 0 0 0 0 0 0 0 0 0 255 255 255 255 255 255 255 255 0 0 255 255 255 255 255 255 255 255 255 255 0 0 255 255 255 255 255 255 255 255 255 255 0 0 255 255 255 255 255 255 255 255 255 255 0 0 255 255
4 255 255 255 255 255 37 37 0 148 148 255 255 255 255 255 148 148 0 0 0 148 148 255 255 255 255 255 148 148 0 0 0 148 148 255 255 255 204 204 0 0 163 163 0 148 148 255 255 243 37 37 148 148 204 204 0 148 148 255 255 243 37 37 148 148 204 204 0 148 148 255 255 133 60 60 255 255 204 204 0 148 148 255 255 133 60 60 255 255 204 204 0 148 148 255 255 0 217 217 255 255 204 204 0 148 148 243 243 0 0 0 0 0 0 0 0 0 0 81 81 0 0 0 0 0 0 0 0 0 0 81 81 255 255 255 255 255 148 148 0 148 148 255 255 255 255 255 255 255 148 148 0 148 148 255 255 255 255 255 255 255 148 148 0 148 148 255 255 255 255 255 255 255 148 148 0 148 148 255 255 255 255 255 255 255 148 148 0 148 148 255 255
4 255 255 255 255 255 133 133 0 148 148 255 255 255 255 255 177 177 60 60 81 148 148 255 255 255 255 255 177 177 60 60 81 148 148 255 255 255 191 191 60 60 243 243 81 177 177 255 255 217 37 37 230 230 255 255 81 204 204 255 255 217 37 37 230 230 255 255 81 204 204 255 255 37 217 217 255 255 255 255 81 204 204 255 255 37 217 217 255 255 255 255 81 204 204 255 255 0 0 0 0 0 0 0 0 0 0 81 81 255 255 255 255 255 255 255 81 204 204 255 255 255 255 255 255 255 255 255 81 204 204 255 255 255 255 255 255 255 255 255 81 177 177 255 255 255 255 255 255 255 255 255 81 148 148 255 255 255 255 255 255 255 255 255 81 148 148 255 255 255 255 255 255 255 255 255 81 148 148 255 255 255 255 255 255 255 255 255 81 148 148 255 255
4 255 255 255 37 37 0 0 243 255 255 255 255 255 177 177 0 0 133 133 255 255 255 255 255 255 177 177 0 0 133 133 255 255 255 255 255 255 37 37 0 0 230 230 255 255 255 255 255 177 0 0 116 116 255 255 255 255 255 255 255 177 0 0 116 116 255 255 255 255 255 255 255 37 0 0 217 217 204 204 0 81 81 255 255 37 0 0 217 217 204 204 0 81 81 255 255 0 81 81 255 255 204 204 0 81 81 255 255 0 0 0 0 0 0 0 0 0 0 0 0 0 0 0 0 0 0 0 0 0 0 0 0 255 255 255 255 255 204 204 0 81 81 255 255 255 255 255 255 255 204 204 0 81 81 255 255 255 255 255 255 255 204 204 0 81 81 255 255 255 255 255 255 255 204 204 0 81 81 255 255 255 255 255 255 255 204 204 0 81 81 255 255
4 255 255 255 177 177 37 37 255 255 255 255 255 255 255 255 37 37 177 177 255 255 255 255 255 255 255 255 37 37 177 177 255 255 255 255 255 255 177 177 37 37 255 255 255 255 255 255 255 255 37 37 177 177 255 255 148 230 230 255 255 255 37 37 177 177 255 255 148 230 230 255 255 177 37 37 255 255 255 255 0 204 204 255 255 177 37 37 255 255 255 255 0 204 204 255 255 37 177 177 255 255 255 255 0 204 204 255 255 0 0 0 0 0 0 0 0 0 0 81 81 0 0 0 0 0 0 0 0 0 0 81 81 255 255 255 255 255 255 255 0 204 204 255 255 255 255 255 255 255 255 255 0 204 204 255 255 255 255 255 255 255 255 255 0 204 204 255 255 255 255 255 255 255 255 255 0 204 204 255 255 255 255 255 255 255 255 255 0 204 204 255 255
4 255 255 255 255 255 255 243 0 0 81 255 255 255 255 255 255 255 255 60 0 0 81 255 255 255 255 255 255 255 255 60 0 0 81 255 255 255 255 255 255 116 116 60 0 0 81 255 255 255 255 255 177 177 177 148 0 0 81 255 255 255 255 255 177 177 177 148 0 0 81 255 255 255 204 204 116 255 255 148 0 0 81 255 255 255 204 204 116 255 255 148 0 0 81 255 255 217 81 81 255 255 255 148 0 0 81 255 255 81 0 0 0 0 0 0 0 0 0 0 0 81 0 0 0 0 0 0 0 0 0 0 0 255 255 255 255 255 255 148 0 0 81 255 255 255 255 255 255 255 255 148 0 0 81 255 255 255 255 255 255 255 255 148 0 0 81 255 255 255 255 255 255 255 255 148 0 0 81 255 255 255 255 255 255 255 255 148 0 0 81 255 255
4 255 255 255 255 255 255 243 60 60 148 255 255 255 255 255 255 217 217 99 0 0 148 255 255 255 255 255 255 217 217 99 0 0 148 255 255 255 255 255 217 81 81 243 0 0 148 255 255 255 243 243 81 243 243 255 0 0 148 255 255 255 243 243 81 243 243 255 0 0 148 255 255 243 116 116 243 255 255 255 0 0 148 255 255 243 116 116 243 255 255 255 0 0 148 255 255 116 0 0 0 0 0 0 0 0 0 0 0 255 255 255 255 255 255 255 0 0 148 255 255 255 255 255 255 255 255 255 0 0 148 255 255 255 255 255 255 255 255 255 0 0 148 255 255 255 255 255 255 255 255 255 0 0 148 255 255 255 255 255 255 255 255 255 0 0 148 255 255 255 255 255 255 255 255 255 0 0 177 255 255 255 255 255 255 255 255 255 0 0 177 255 255
5 255 60 60 0 0 0 0 0 0 0 0 0 255 0 0 0 0 0 0 0 0 0 0 0 204 0 0 81 81 255 255 255 255 255 255 255 204 0 0 81 81 255 255 255 255 255 255 255 163 0 0 133 133 255 255 255 255 255 255 255 116 0 0 37 37 0 0 0 133 133 243 243 60 0 0 0 0 0 0 0 0 0 99 99 60 0 0 0 0 0 0 0 0 0 99 99 81 0 0 204 204 255 255 163 0 0 0 0 255 255 255 255 255 255 255 255 0 0 0 0 81 0 0 243 243 255 255 255 0 0 0 0 81 0 0 243 243 255 255 255 0 0 0 0 0 0 0 116 116 255 255 177 0 0 0 0 148 0 0 0 0 0 0 0 0 0 148 148 255 148 148 37 37 0 0 37 148 148 255 255 255 148 148 37 37 0 0 37 148 148 255 255
5 255 0 0 0 0 0 0 0 0 0 0 0 255 0 0 255 255 255 255 255 255 255 255 255 255 0 0 255 255 255 255 255 255 255 255 255 255 0 0 255 255 255 255 255 255 255 255 255 0 255 255 255 255 255 255 255 255 255 255 255 0 0 0 0 0 0 0 0 255 255 255 255 0 255 255 255 255 255 255 255 0 0 255 255 0 255 255 255 255 255 255 255 0 0 255 255 255 255 255 255 255 255 255 255 255 255 0 0 255 255 255 255 255 255 255 255 255 255 0 0 255 255 255 255 255 255 255 255 255 255 0 0 255 255 255 255 255 255 255 255 255 255 0 0 0 255 255 255 255 255 255 255 255 255 0 0 255 0 0 255 255 255 255 255 0 0 255 255 255 255 255 0 0 0 0 0 255 255 255 255 255 255 255 0 0 0 0 0 255 255 255 255
5 37 0 0 0 0 0 0 0 0 99 99 0 0 0 0 0 0 0 0 0 0 99 99 0 0 0 0 0 0 0 0 0 0 99 99 0 0 0 0 255 255 255 255 255 255 255 255 0 0 0 0 0 0 0 0 81 81 217 217 0 0 0 0 0 0 0 0 81 81 217 217 0 37 0 0 0 0 0 0 0 0 0 0 0 37 0 0 0 0 0 0 0 0 0 0 0 255 255 255 255 255 204 204 0 0 0 0 0 255 255 255 255 255 255 255 81 81 0 0 0 255 255 255 255 255 255 255 81 81 0 0 0 116 230 230 255 255 204 204 0 0 0 0 0 0 0 0 0 0 0 0 0 0 81 81 0 0 0 0 0 0 0 0 0 0 81 81 0 191 37 37 0 0 37 37 148 148 243 243 0 191 37 37 0 0 37 37 148 148 243 243 0
5 99 0 0 0 0 0 0 0 0 148 148 0 81 81 81 255 255 255 255 255 255 255 255 0 81 81 81 255 255 255 255 255 255 255 255 0 81 81 81 255 255 255 255 255 255 255 255 0 81 81 81 255 255 255 255 255 255 255 255 0 81 81 81 255 255 255 255 255 255 255 255 0 81 0 0 0 0 0 0 99 99 217 217 0 81 0 0 0 0 0 0 99 99 217 217 0 255 255 255 255 255 230 230 60 60 37 37 0 255 255 255 255 255 255 255 204 204 0 0 0 255 255 255 255 255 255 255 204 204 0 0 0 255 255 255 255 255 255 255 204 204 0 0 0 99 230 230 255 255 217 217 60 60 81 81 0 99 230 230 255 255 217 217 60 60 81 81 0 116 0 0 0 0 37 37 148 148 243 243 0 116 0 0 0 0 37 37 148 148 243 243 0
5 255 116 116 0 0 0 0 0 0 0 0 0 243 0 0 0 0 0 0 0 0 37 37 0 243 0 0 0 0 0 0 0 0 37 37 0 163 204 204 255 255 255 255 255 255 255 255 0 37 0 0 60 60 116 116 230 230 255 255 0 37 0 0 60 60 116 116 230 230 255 255 0 0 0 0 0 0 0 0 0 0 177 177 0 255 243 243 177 177 60 60 0 0 0 0 0 255 255 255 255 255 255 255 99 99 0 0 0 255 255 255 255 255 255 255 99 99 0 0 0 255 255 255 255 255 255 255 243 243 0 0 0 255 255 255 255 255 255 255 255 255 0 0 0 255 255 255 255 255 255 255 255 255 0 0 0 0 81 81 204 204 255 255 177 177 177 177 0 99 0 0 0 0 60 60 204 204 255 255 0 99 0 0 0 0 60 60 204 204 255 255 0
5 255 255 255 0 0 0 0 0 0 0 0 0 255 0 0 255 255 255 255 255 255 255 255 0 255 0 0 255 255 255 255 255 255 255 255 0 255 0 0 255 255 255 255 255 255 255 255 0 0 0 0 0 0 0 0 255 255 255 255 0 0 0 0 0 0 0 0 255 255 255 255 0 255 255 255 255 255 255 255 0 0 255 255 0 255 255 255 255 255 255 255 255 255 0 0 0 255 255 255 255 255 255 255 255 255 0 0 0 255 255 255 255 255 255 255 255 255 0 0 0 255 255 255 255 255 255 255 255 255 0 0 0 255 255 255 255 255 255 255 255 255 0 0 0 255 255 255 255 255 255 255 255 255 0 0 0 255 255 255 255 255 255 255 0 0 255 255 0 0 0 0 0 0 0 0 255 255 255 255 0 0 0 0 0 0 0 0 255 255 255 255 0
5 81 0 0 0 0 0 0 0 0 0 0 0 81 0 0 0 0 0 0 0 0 0 0 0 81 0 0 0 0 0 0 0 0 0 0 0 81 0 0 255 255 255 255 255 255 255 255 0 81 0 0 255 255 255 255 255 255 255 255 0 81 0 0 255 255 255 255 255 255 255 255 0 81 0 0 0 0 0 0 60 60 191 191 0 81 0 0 0 0 0 0 60 60 191 191 0 81 0 0 0 0 0 0 0 0 0 0 0 255 255 255 255 255 243 243 99 99 0 0 0 255 255 255 255 255 243 243 99 99 0 0 0 255 255 255 255 255 230 230 99 99 0 0 0 0 0 0 0 0 0 0 0 0 0 0 0 0 0 0 0 0 0 0 0 0 0 0 0 0 0 0 0 0 37 37 116 116 230 230 0 0 0 0 0 0 37 37 116 116 230 230 0
5 81 0 0 0 0 0 0 0 0 81 81 0 81 148 148 255 255 255 255 255 255 255 255 0 81 148 148 255 255 255 255 255 255 255 255 0 81 148 148 255 255 255 255 255 255 255 255 0 81 148 148 255 255 255 255 255 255 255 255 0 81 148 148 255 255 255 255 255 255 255 255 0 81 0 0 0 0 0 0 99 99 217 217 0 81 0 0 0 0 0 0 99 99 217 217 0 255 255 255 255 255 230 230 99 99 0 0 0 255 255 255 255 255 255 255 204 204 0 0 0 255 255 255 255 255 255 255 204 204 0 0 0 255 255 255 255 255 255 255 191 191 0 0 0 255 255 255 255 255 204 204 60 60 81 81 0 255 255 255 255 255 204 204 60 60 81 81 0 0 0 0 0 0 60 60 148 148 255 255 0 0 0 0 0 0 60 60 148 148 255 255 0
5 255 0 0 0 0 0 0 0 0 0 0 0 255 0 0 0 255 255 255 255 255 255 255 255 255 0 0 0 255 255 255 255 255 255 255 255 255 0 0 0 255 255 255 255 255 255 255 255 255 0 0 0 255 255 255 255 255 255 255 255 255 0 0 0 0 0 0 0 0 255 255 255 255 255 255 255 255 255 255 255 0 0 255 255 255 255 255 255 255 255 255 255 0 0 255 255 255 255 255 255 255 255 255 255 255 0 0 0 255 255 255 255 255 255 255 255 255 0 0 0 255 255 255 255 255 255 255 255 255 0 0 0 255 255 255 255 255 255 255 255 255 0 0 0 0 0 255 255 255 255 255 255 255 0 0 0 0 0 255 255 255 255 255 255 0 0 255 255 255 0 0 0 0 0 0 0 0 255 255 255 255 0 0 0 0 0 0 0 0 255 255 255
5 255 0 0 0 0 0 0 0 0 0 0 0 255 0 0 255 255 255 255 255 255 255 255 255 255 0 0 255 255 255 255 255 255 255 255 255 255 0 0 255 255 255 255 255 255 255 255 255 255 0 0 255 255 255 255 255 255 255 255 255 255 0 0 0 0 0 0 0 0 255 255 255 255 255 255 255 255 255 255 255 255 0 255 255 255 255 255 255 255 255 255 255 255 0 255 255 255 255 255 255 255 255 255 255 255 255 0 0 255 255 255 255 255 255 255 255 255 255 0 0 255 255 255 255 255 255 255 255 255 255 0 0 255 255 255 255 255 255 255 255 255 255 0 0 255 255 255 255 255 255 255 255 255 255 0 0 0 255 255 255 255 255 255 255 255 0 255 255 255 0 0 0 0 0 0 0 0 255 255 255 255 0 0 0 0 0 0 0 0 255 255 255
5 255 0 0 0 0 0 0 0 0 0 0 0 255 0 0 0 255 255 255 255 255 255 255 255 255 0 0 0 255 255 255 255 255 255 255 255 255 0 0 0 255 255 255 255 255 255 255 255 255 0 0 0 255 255 255 255 255 255 255 255 255 0 0 0 0 0 0 0 0 255 255 255 255 255 255 255 255 255 255 255 0 0 255 255 255 255 255 255 255 255 255 255 0 0 255 255 255 255 255 255 255 255 255 255 255 0 0 0 255 255 255 255 255 255 255 255 255 0 0 0 255 255 255 255 255 255 255 255 255 0 0 0 255 255 255 255 255 255 255 255 255 0 0 0 0 0 255 255 255 255 255 255 255 0 0 0 0 0 255 255 255 255 255 255 0 0 255 255 255 0 0 0 0 0 0 0 0 255 255 255 255 0 0 0 0 0 0 0 0 255 255 255
5 0 0 0 0 0 0 0 0 0 0 0 0 0 255 255 255 255 255 255 255 255 255 255 255 0 255 255 255 255 255 255 255 255 255 255 255 0 255 255 255 255 255 255 255 255 255 255 255 0 255 255 255 255 255 255 255 255 255 255 255 0 0 0 0 0 0 0 0 255 255 255 255 255 255 255 255 255 255 255 255 0 0 255 255 255 255 255 255 255 255 255 255 0 0 255 255 255 255 255 255 255 255 255 255 255 255 0 0 255 255 255 255 255 255 255 255 255 255 0 0 255 255 255 255 255 255 255 255 255 255 0 0 255 255 255 255 255 255 255 255 255 255 0 0 255 255 255 255 255 255 255 255 255 255 0 0 0 255 255 255 255 255 255 255 0 0 255 255 255 0 0 0 0 0 0 0 255 255 255 255 255 0 0 0 0 0 0 0 255 255 255 255
5 204 0 0 0 0 0 0 0 0 0 81 81 177 0 0 0 0 0 0 0 0 0 81 81 177 0 0 0 0 0 0 0 0 0 81 81 148 0 0 116 116 255 255 255 255 255 255 255 148 0 0 148 148 255 255 255 255 255 255 255 148 0 0 148 148 255 255 255 255 255 255 255 148 0 0 0 0 0 0 0 133 133 243 243 99 0 0 0 0 0 0 0 0 0 116 116 243 255 255 255 255 230 230 60 0 0 0 0 243 255 255 255 255 230 230 60 0 0 0 0 255 255 255 255 255 255 255 148 0 0 0 0 99 217 217 255 255 230 230 60 0 0 0 0 99 217 217 255 255 230 230 60 0 0 0 0 0 0 0 0 0 0 0 0 0 0 177 177 116 37 37 0 0 0 0 81 191 191 255 255 116 37 37 0 0 0 0 81 191 191 255 255
5 0 0 0 0 0 0 0 0 0 0 0 0 0 0 255 255 255 255 255 255 255 255 255 0 0 0 255 255 255 255 255 255 255 255 255 0 37 37 255 255 255 255 255 255 255 255 255 0 81 81 255 255 255 255 255 255 255 255 255 0 81 81 255 255 255 255 255 255 255 255 255 0 0 0 0 0 0 0 99 99 99 217 217 0 255 255 255 255 230 230 116 116 116 0 0 0 255 255 255 255 255 255 255 255 255 37 37 0 255 255 255 255 255 255 255 255 255 37 37 0 255 255 255 255 255 255 255 255 255 81 81 0 255 255 255 255 255 255 255 255 255 0 0 0 255 255 255 255 255 255 255 255 255 0 0 0 204 204 255 255 230 230 99 99 99 60 60 0 0 0 0 0 0 0 116 116 116 243 243 0 0 0 0 0 0 0 116 116 116 243 243 0
5 148 0 0 0 0 0 0 0 0 0 116 116 148 0 0 204 204 255 255 255 255 255 255 255 148 0 0 204 204 255 255 255 255 255 255 255 148 0 0 204 204 255 255 255 255 255 255 255 148 0 0 204 204 255 255 255 255 255 255 255 148 0 0 204 204 255 255 255 255 255 255 255 148 0 0 0 0 0 0 0 116 116 243 243 148 0 0 0 0 0 0 0 116 116 243 243 217 0 0 177 177 255 255 230 37 37 60 60 255 255 255 255 255 255 255 255 148 148 0 0 255 255 255 255 255 255 255 255 148 148 0 0 255 255 255 255 255 255 255 255 148 148 0 0 0 163 163 255 255 255 255 217 60 60 60 60 0 163 163 255 255 255 255 217 60 60 60 60 148 60 60 0 0 0 0 0 116 116 243 243 148 60 60 0 0 0 0 0 116 116 243 243
5 255 0 0 0 0 0 0 0 0 0 255 255 255 0 0 255 255 255 255 255 255 255 255 255 255 0 0 255 255 255 255 255 255 255 255 255 255 0 0 255 255 255 255 255 255 255 255 255 255 0 0 255 255 255 255 255 255 255 255 255 255 0 0 255 255 255 255 255 255 255 255 255 255 0 0 0 0 0 0 0 0 0 255 255 255 0 0 0 0 0 0 0 0 0 255 255 255 255 255 255 255 255 255 255 255 255 0 0 255 255 255 255 255 255 255 255 255 255 0 0 255 255 255 255 255 255 255 255 255 255 0 0 255 255 255 255 255 255 255 255 255 255 0 0 0 255 255 255 255 255 255 255 255 255 0 0 0 255 255 255 255 255 255 255 255 255 0 0 255 0 0 0 0 0 0 0 0 0 255 255 255 0 0 0 0 0 0 0 0 0 255 255
5 255 0 0 0 0 0 0 0 0 0 0 0 255 0 0 0 0 0 0 0 0 0 0 0 255 0 0 255 255 255 255 255 255 255 255 255 255 0 0 255 255 255 255 255 255 255 255 255 255 0 0 255 255 255 255 255 255 255 255 255 255 0 0 0 0 0 0 0 0 255 255 255 255 0 0 255 255 255 255 0 0 0 255 255 255 0 0 255 255 255 255 0 0 0 255 255 255 255 255 255 255 255 255 255 255 0 0 0 255 255 255 255 255 255 255 255 255 0 0 0 255 255 255 255 255 255 255 255 255 0 0 0 255 255 255 255 255 255 255 255 255 0 0 0 0 0 0 255 255 255 255 255 255 0 0 0 0 0 0 255 255 255 255 0 0 0 255 255 255 0 0 0 0 0 0 0 0 255 255 255 255 0 0 0 0 0 0 0 0 255 255 255
5 255 0 0 0 0 0 0 0 0 0 0 0 255 0 0 255 255 255 255 255 255 255 255 255 255 0 0 255 255 255 255 255 255 255 255 255 255 0 0 255 255 255 255 255 255 255 255 255 255 0 0 255 255 255 255 255 255 255 255 255 255 0 0 0 0 0 0 0 255 255 255 255 255 255 255 255 255 255 255 255 0 0 255 255 255 255 255 255 255 255 255 255 0 0 255 255 255 255 255 255 255 255 255 255 255 255 0 0 255 255 255 255 255 255 255 255 255 255 0 0 255 255 255 255 255 255 255 255 255 255 0 0 255 255 255 255 255 255 255 255 255 255 0 0 0 255 255 255 255 255 255 255 255 255 0 0 0 255 255 255 255 255 255 255 0 0 255 255 255 0 0 0 0 0 0 0 255 255 255 255 255 0 0 0 0 0 0 0 255 255 255 255
5 0 0 0 0 0 0 0 0 0 81 81 0 0 0 0 0 0 0 0 0 0 81 81 0 0 0 0 0 0 0 0 0 0 81 81 0 0 81 81 255 255 255 255 255 255 255 255 0 0 81 81 255 255 255 255 255 255 255 255 0 0 81 81 255 255 255 255 255 255 255 255 0 0 0 0 0 0 0 0 99 99 217 217 0 0 0 0 0 0 0 0 0 0 37 37 0 81 204 204 255 255 204 204 0 0 0 0 0 81 204 204 255 255 204 204 0 0 0 0 0 255 255 255 255 255 255 255 81 81 0 0 0 99 217 217 255 255 204 204 0 0 0 0 0 99 217 217 255 255 204 204 0 0 0 0 0 0 0 0 0 0 0 0 0 0 81 81 0 116 0 0 0 0 37 37 116 116 243 243 0 116 0 0 0 0 37 37 116 116 243 243 0
5 0 0 0 0 0 0 0 0 0 255 255 0 0 255 255 255 255 255 255 255 255 255 255 0 0 255 255 255 255 255 255 255 255 255 255 0 0 255 255 255 255 255 255 255 255 255 255 0 0 0 0 0 0 0 0 255 255 255 255 0 0 0 0 0 0 0 0 255 255 255 255 0 0 255 255 255 255 255 255 0 0 255 255 0 255 255 255 255 255 255 255 255 255 0 0 0 255 255 255 255 255 255 255 255 255 0 0 0 255 255 255 255 255 255 255 255 255 0 0 0 255 255 255 255 255 255 255 255 255 0 0 0 255 255 255 255 255 255 255 255 255 0 0 0 255 255 255 255 255 255 255 255 255 0 0 0 0 255 255 255 255 255 255 0 0 255 255 0 255 0 0 0 0 0 0 255 255 255 255 0 255 0 0 0 0 0 0 255 255 255 255 0
5 255 255 255 255 255 255 255 255 243 243 0 0 204 0 0 0 0 0 0 0 0 0 0 0 204 0 0 0 0 0 0 0 0 0 0 0 204 0 0 0 0 0 0 0 0 0 0 0 204 0 0 255 255 255 255 255 255 255 255 255 204 0 0 255 255 255 255 255 255 255 255 255 204 0 0 255 255 255 255 255 255 255 255 255 217 0 0 60 60 0 0 0 60 60 191 191 255 255 255 255 255 255 255 148 0 0 0 0 255 255 255 255 255 255 255 148 0 0 0 0 255 255 255 255 255 255 255 255 0 0 0 0 255 255 255 255 255 255 255 255 0 0 0 0 255 255 255 255 255 255 255 255 0 0 0 0 81 0 0 230 230 255 255 177 0 0 0 0 148 60 60 0 0 0 0 0 99 99 217 217 148 60 60 0 0 0 0 0 99 99 217 217
5 204 0 0 0 0 0 0 0 0 0 204 204 204 0 0 255 255 255 255 255 255 255 255 255 204 0 0 255 255 255 255 255 255 255 255 255 204 0 0 255 255 255 255 255 255 255 255 255 204 0 0 255 255 255 255 255 255 255 255 255 204 0 0 255 255 255 255 255 255 255 255 255 217 0 0 60 60 0 0 0 148 148 255 255 217 0 0 60 60 0 0 0 148 148 255 255 255 255 255 255 255 255 255 163 0 0 177 177 255 255 255 255 255 255 255 255 60 60 99 99 255 255 255 255 255 255 255 255 60 60 99 99 255 255 255 255 255 255 255 255 37 37 99 99 81 148 148 243 243 255 255 163 0 0 204 204 81 148 148 243 243 255 255 163 0 0 204 204 148 60 60 0 0 0 0 60 191 191 255 255 148 60 60 0 0 0 0 60 191 191 255 255
5 0 0 0 0 0 0 0 0 0 0 0 0 0 0 0 255 255 255 255 255 255 255 255 0 0 0 0 255 255 255 255 255 255 255 255 0 0 0 0 255 255 255 255 255 255 255 255 0 0 0 0 255 255 255 255 255 255 255 255 0 0 0 0 0 0 60 60 148 148 255 255 0 255 243 243 163 163 0 0 0 0 116 116 0 255 243 243 163 163 0 0 0 0 116 116 0 255 255 255 255 255 148 148 0 0 0 0 0 255 255 255 255 255 204 204 0 0 0 0 0 255 255 255 255 255 204 204 0 0 0 0 0 255 255 255 255 255 204 204 0 0 0 0 0 255 255 255 255 255 148 148 0 0 0 0 0 204 255 255 204 204 0 0 0 0 116 116 0 0 0 0 0 0 60 60 148 148 255 255 0 0 0 0 0 0 60 60 148 148 255 255 0
5 0 0 0 0 0 0 0 0 0 0 0 0 0 0 255 255 255 255 255 255 255 255 255 0 0 0 255 255 255 255 255 255 255 255 255 0 0 0 255 255 255 255 255 255 255 255 255 0 0 0 255 255 255 255 255 255 255 255 255 0 0 0 0 0 0 0 255 255 255 255 255 0 255 255 255 255 255 255 0 0 0 255 255 0 255 255 255 255 255 255 0 0 0 255 255 0 255 255 255 255 255 255 255 255 255 0 0 0 255 255 255 255 255 255 255 255 255 0 0 0 255 255 255 255 255 255 255 255 255 0 0 0 255 255 255 255 255 255 255 255 255 0 0 0 255 255 255 255 255 255 255 255 255 0 0 0 255 255 255 255 255 255 0 0 0 255 255 0 0 0 0 0 0 0 255 255 255 255 255 0 0 0 0 0 0 0 255 255 255 255 255 0
5 0 0 0 0 0 0 0 0 0 0 255 255 0 0 0 0 255 255 255 255 255 255 255 255 0 0 0 0 255 255 255 255 255 255 255 255 0 0 0 0 255 255 255 255 255 255 255 255 0 0 0 0 255 255 255 255 255 255 255 255 0 0 0 0 255 255 255 255 255 255 255 255 0 0 0 0 0 0 0 0 0 0 255 255 0 0 0 0 255 255 255 0 0 0 0 0 255 255 255 255 255 255 255 0 0 0 0 0 255 255 255 255 255 255 255 0 0 0 0 0 255 255 255 255 255 255 255 0 0 0 0 0 0 0 0 0 255 255 255 0 0 0 0 0 0 0 0 0 255 255 255 0 0 0 0 0 0 0 0 0 255 255 0 0 0 0 255 255 255 0 0 0 0 0 0 0 0 255 255 255 255 0 0 0 0 0 0 0 0 255 255 255
5 0 0 0 0 0 0 0 0 0 0 255 255 0 0 0 255 255 255 255 255 255 255 255 255 0 0 0 255 255 255 255 255 255 255 255 255 0 0 0 255 255 255 255 255 255 255 255 255 0 0 0 255 255 255 255 255 255 255 255 255 0 0 0 255 255 255 255 255 255 255 255 255 0 0 0 0 0 0 0 0 0 0 255 255 0 0 0 255 255 255 255 255 0 0 0 0 255 255 255 255 255 255 255 255 0 0 0 0 255 255 255 255 255 255 255 255 0 0 0 0 255 255 255 255 255 255 255 255 0 0 0 0 0 0 0 255 255 255 255 255 0 0 0 0 0 0 0 255 255 255 255 255 0 0 0 0 0 0 0 255 255 255 255 0 0 0 255 255 255 0 0 0 0 0 0 0 255 255 255 255 255 0 0 0 0 0 0 0 255 255 255 255
5 81 0 0 0 0 0 0 0 0 0 148 148 81 0 0 0 0 0 0 0 0 0 148 148 81 0 0 0 0 0 0 0 0 0 148 148 81 0 0 148 148 255 255 255 255 255 255 255 81 0 0 37 37 0 0 0 148 148 255 255 81 0 0 37 37 0 0 0 148 148 255 255 81 0 0 0 0 0 0 0 0 0 191 191 81 0 0 133 133 255 255 99 0 0 116 116 255 255 255 255 255 255 255 148 0 0 81 81 255 255 255 255 255 255 255 148 0 0 81 81 148 148 148 230 230 255 255 148 0 0 81 81 60 0 0 163 163 255 255 99 0 0 116 116 60 0 0 163 163 255 255 99 0 0 116 116 163 0 0 0 0 0 0 0 0 0 204 204 255 163 163 37 37 0 0 37 191 191 255 255 255 163 163 37 37 0 0 37 191 191 255 255
5 148 0 0 0 0 0 0 0 0 0 0 0 148 0 0 0 0 0 0 0 0 0 0 0 148 0 0 0 0 0 0 0 0 0 0 0 148 0 0 255 255 255 255 255 255 255 255 0 148 0 0 81 81 0 0 37 37 191 191 0 148 0 0 81 81 0 0 37 37 191 191 0 148 0 0 0 0 0 0 0 0 0 0 0 204 148 148 230 230 255 255 148 148 0 0 0 255 255 255 255 255 255 255 255 255 0 0 0 255 255 255 255 255 255 255 255 255 0 0 0 255 255 255 255 255 255 255 255 255 0 0 0 81 37 37 230 230 255 255 148 148 0 0 0 81 37 37 230 230 255 255 148 148 0 0 0 191 0 0 0 0 0 0 0 0 0 0 0 255 148 148 0 0 0 0 37 37 191 191 0 255 148 148 0 0 0 0 37 37 191 191 0
5 37 0 0 0 0 0 0 0 0 0 133 133 37 0 0 0 0 0 0 0 0 0 81 81 60 0 0 0 0 0 0 0 0 0 177 177 60 0 0 0 0 0 0 0 0 0 177 177 0 0 0 204 255 255 255 255 255 255 255 255 0 0 0 81 0 0 0 0 0 133 255 255 0 0 0 0 0 0 0 0 0 0 133 133 0 0 0 0 0 0 0 0 0 0 133 133 0 0 0 0 0 0 0 0 0 0 0 0 255 255 255 255 255 255 255 230 230 0 0 0 0 81 81 230 255 255 243 163 163 0 0 0 0 81 81 230 255 255 243 163 163 0 0 0 0 0 0 0 0 0 0 0 0 0 37 37 81 0 0 0 0 0 0 0 0 0 217 217 243 133 133 0 0 0 0 116 116 230 255 255 243 133 133 0 0 0 0 116 116 230 255 255
5 99 0 0 0 0 0 0 0 0 0 163 163 148 0 0 0 0 0 0 0 0 0 191 191 148 0 0 255 255 255 255 255 255 255 255 255 148 0 0 255 255 255 255 255 255 255 255 255 116 0 0 116 0 0 0 37 37 177 255 255 81 0 0 0 0 0 0 0 0 0 191 191 81 0 0 99 230 230 255 204 204 0 81 81 81 0 0 99 230 230 255 204 204 0 81 81 99 116 116 255 255 255 255 255 255 116 0 0 255 255 255 255 255 255 255 255 255 133 0 0 255 255 255 255 255 255 255 243 243 37 37 37 255 255 255 255 255 255 255 243 243 37 37 37 37 116 116 243 255 255 217 81 81 0 148 148 99 0 0 0 0 0 0 0 0 60 243 243 243 133 133 0 0 0 37 148 148 243 255 255 243 133 133 0 0 0 37 148 148 243 255 255
5 0 0 0 0 0 0 0 0 0 0 0 0 0 0 0 255 255 255 255 255 255 255 255 255 0 0 0 255 255 255 255 255 255 255 255 255 0 0 0 255 255 255 255 255 255 255 255 255 0 0 0 255 255 255 255 255 255 255 255 255 0 0 0 0 0 0 0 0 0 255 255 255 0 0 0 0 255 255 255 0 0 0 255 255 0 0 0 0 255 255 255 0 0 0 255 255 255 255 255 255 255 255 255 255 255 0 0 0 255 255 255 255 255 255 255 255 255 0 0 0 255 255 255 255 255 255 255 255 255 0 0 0 255 255 255 255 255 255 255 255 255 0 0 0 0 0 0 255 255 255 255 255 255 0 0 0 255 0 0 0 255 255 255 0 0 0 255 255 255 255 255 0 0 0 0 0 0 255 255 255 255 255 255 0 0 0 0 0 0 255 255 255
5 0 0 0 0 0 0 0 0 0 0 0 0 0 255 255 255 255 255 255 255 255 255 255 255 0 255 255 255 255 255 255 255 255 255 255 255 0 255 255 255 255 255 255 255 255 255 255 255 0 255 255 255 255 255 255 255 255 255 255 255 0 255 255 0 0 0 0 0 255 255 255 255 0 0 0 255 255 255 255 255 0 0 255 255 0 0 0 255 255 255 255 255 0 0 255 255 255 255 255 255 255 255 255 255 255 255 0 0 255 255 255 255 255 255 255 255 255 255 0 0 255 255 255 255 255 255 255 255 255 255 0 0 255 255 255 255 255 255 255 255 255 255 0 0 0 255 255 255 255 255 255 255 255 255 0 0 255 0 0 255 255 255 255 255 0 0 255 255 255 255 255 0 0 0 0 0 255 255 255 255 255 255 255 0 0 0 0 0 255 255 255 255
5 60 0 0 0 0 0 0 0 0 204 204 0 0 163 163 255 255 255 255 243 243 243 243 0 0 163 163 255 255 255 255 243 243 243 243 0 0 204 204 255 255 255 255 255 255 255 255 0 0 0 0 0 0 81 81 177 177 255 255 0 0 0 0 0 0 81 81 177 177 255 255 0 255 230 230 177 177 0 0 0 0 148 148 0 255 230 230 177 177 0 0 0 0 148 148 0 255 255 255 255 255 177 177 0 0 81 81 0 255 255 255 255 255 204 204 0 0 81 81 0 255 255 255 255 255 204 204 0 0 81 81 0 255 255 255 255 255 99 99 0 0 148 148 0 243 191 191 81 81 0 0 133 133 255 255 0 243 191 191 81 81 0 0 133 133 255 255 0 0 60 60 133 133 230 230 255 255 255 255 0 0 60 60 133 133 230 230 255 255 255 255 0
5 148 0 0 0 0 0 0 0 0 204 204 0 81 204 204 255 255 255 255 255 255 255 255 0 81 204 204 255 255 255 255 255 255 255 255 0 81 204 204 255 255 255 255 255 255 255 255 0 0 0 0 0 0 81 81 163 163 255 255 0 0 0 0 0 0 81 81 163 163 255 255 0 255 255 255 217 217 148 148 0 0 133 133 0 255 255 255 217 217 148 148 0 0 133 133 0 255 255 255 255 255 255 255 133 133 0 0 0 255 255 255 255 255 255 255 148 148 37 37 0 255 255 255 255 255 255 255 148 148 37 37 0 255 255 255 255 255 243 243 37 37 148 148 0 255 204 204 148 148 0 0 133 133 255 255 0 255 204 204 148 148 0 0 133 133 255 255 0 0 37 37 116 116 204 204 255 255 255 255 0 0 37 37 116 116 204 204 255 255 255 255 0
5 204 0 0 0 0 0 0 0 0 0 0 0 148 0 0 204 204 255 255 255 255 255 255 0 148 0 0 204 204 255 255 255 255 255 255 0 133 0 0 204 204 255 255 255 255 255 255 0 81 0 0 243 243 255 255 255 255 255 255 0 81 0 0 243 243 255 255 255 255 255 255 0 0 0 0 0 0 0 0 116 116 243 243 0 0 0 0 0 0 0 0 116 116 243 243 0 255 255 255 243 243 163 163 0 0 81 81 0 255 255 255 255 255 255 255 37 37 0 0 0 255 255 255 255 255 255 255 37 37 0 0 0 255 255 255 255 255 255 255 37 37 0 0 0 255 255 255 243 243 163 163 0 0 133 133 0 255 255 255 243 243 163 163 0 0 133 133 0 0 0 0 0 0 60 60 148 148 255 255 0 0 0 0 0 0 60 60 148 148 255 255 0
5 243 0 0 0 0 0 0 0 0 0 0 0 204 0 0 243 243 255 255 255 255 255 255 0 204 0 0 243 243 255 255 255 255 255 255 0 177 0 0 255 255 255 255 255 255 255 255 0 148 81 81 255 255 255 255 255 255 255 255 0 148 81 81 255 255 255 255 255 255 255 255 0 99 0 0 0 0 37 37 148 148 255 255 0 99 0 0 0 0 37 37 148 148 255 255 0 255 255 255 255 255 191 191 0 0 148 148 0 255 255 255 255 255 255 255 148 148 81 81 0 255 255 255 255 255 255 255 148 148 81 81 0 255 255 255 255 255 255 255 148 148 81 81 0 255 255 255 255 255 191 191 0 0 191 191 0 255 255 255 255 255 191 191 0 0 191 191 0 60 0 0 0 0 60 60 191 191 255 255 0 60 0 0 0 0 60 60 191 191 255 255 0
5 81 0 0 0 0 0 0 0 0 37 37 0 0 0 0 0 0 0 0 0 0 81 81 0 0 0 0 0 0 0 0 0 0 81 81 0 0 255 255 255 255 255 255 255 255 255 255 0 37 255 255 255 255 255 255 255 255 255 255 0 37 255 255 255 255 255 255 255 255 255 255 0 0 0 0 0 0 37 37 148 148 255 255 0 0 0 0 0 0 0 0 0 0 133 133 0 255 255 255 230 230 81 81 0 0 0 0 0 255 255 255 230 230 81 81 0 0 0 0 0 255 255 255 255 255 204 204 0 0 0 0 0 255 255 255 255 255 163 163 0 0 99 99 0 255 255 255 255 255 163 163 0 0 99 99 0 255 204 204 133 133 0 0 60 60 243 243 0 0 37 37 99 99 177 177 255 255 255 255 0 0 37 37 99 99 177 177 255 255 255 255 0
5 133 0 0 0 0 0 0 0 0 116 116 0 81 255 255 255 255 255 255 255 255 255 255 0 81 255 255 255 255 255 255 255 255 255 255 0 81 255 255 255 255 255 255 255 255 255 255 0 0 0 0 0 0 60 60 177 177 255 255 0 0 0 0 0 0 60 60 177 177 255 255 0 243 255 255 243 243 148 148 0 0 163 163 0 255 255 255 255 255 255 255 99 99 37 37 0 255 255 255 255 255 255 255 148 148 0 0 0 255 255 255 255 255 255 255 148 148 0 0 0 255 255 255 255 255 255 255 116 116 60 60 0 255 255 255 255 255 191 191 0 0 177 177 0 255 255 255 255 255 191 191 0 0 177 177 0 255 204 204 116 116 0 0 133 133 255 255 0 0 60 60 116 116 217 217 255 255 255 255 0 0 60 60 116 116 217 217 255 255 255 255 0
6 255 204 204 60 60 0 0 0 133 133 255 255 204 0 0 0 0 0 0 0 0 0 148 148 81 0 0 148 148 255 255 133 0 0 99 99 81 0 0 148 148 255 255 133 0 0 99 99 0 0 0 255 255 255 255 255 255 255 255 255 0 60 60 116 116 0 0 0 148 148 255 255 0 0 0 0 0 0 0 0 0 0 148 148 0 0 0 0 0 0 0 0 0 0 148 148 0 0 0 177 177 255 255 133 0 0 0 0 0 0 0 255 255 255 255 243 0 0 0 0 0 0 0 255 255 255 255 243 0 0 0 0 0 0 0 255 255 255 255 243 0 0 0 0 60 0 0 148 148 255 255 148 0 0 0 0 191 0 0 0 0 0 0 0 0 0 148 148 255 191 191 37 37 0 0 37 148 148 255 255 255 191 191 37 37 0 0 37 148 148 255 255
6 255 255 255 0 0 0 0 0 255 255 255 255 255 0 0 255 255 255 255 255 0 0 255 255 0 255 255 255 255 255 255 255 255 255 0 0 0 255 255 255 255 255 255 255 255 255 0 0 0 255 255 255 255 255 255 255 255 255 255 255 0 255 255 0 0 0 0 0 255 255 255 255 0 0 0 255 255 255 255 255 0 0 255 255 0 0 0 255 255 255 255 255 0 0 255 255 0 255 255 255 255 255 255 255 255 255 0 0 0 255 255 255 255 255 255 255 255 255 0 0 0 255 255 255 255 255 255 255 255 255 0 0 0 255 255 255 255 255 255 255 255 255 0 0 0 255 255 255 255 255 255 255 255 255 0 0 255 0 0 255 255 255 255 255 0 0 255 255 255 255 255 0 0 0 0 0 255 255 255 255 255 255 255 0 0 0 0 0 255 255 255 255
6 255 191 191 60 60 0 0 0 99 99 255 255 191 0 0 0 0 0 0 0 0 0 255 255 191 0 0 0 0 0 0 0 0 0 255 255 37 0 0 133 133 243 243 255 204 204 255 255 0 37 37 255 255 255 255 255 255 255 255 255 0 37 37 255 255 255 255 255 255 255 255 255 0 37 37 60 60 0 0 0 116 116 243 243 0 37 37 60 60 0 0 0 116 116 243 243 0 0 0 0 0 0 0 0 0 0 163 163 0 60 60 243 243 255 255 163 0 0 81 81 0 60 60 243 243 255 255 163 0 0 81 81 0 0 0 230 230 255 255 133 0 0 116 116 81 0 0 0 0 0 0 0 0 0 204 204 81 0 0 0 0 0 0 0 0 0 204 204 243 99 99 0 0 0 0 60 191 191 255 255 243 99 99 0 0 0 0 60 191 191 255 255
6 255 217 217 99 99 0 0 0 0 60 60 0 217 0 0 163 163 243 243 255 255 204 204 0 217 0 0 163 163 243 243 255 255 204 204 0 99 99 99 255 255 255 255 255 255 255 255 0 0 191 191 255 255 255 255 255 255 255 255 0 0 191 191 255 255 255 255 255 255 255 255 0 0 99 99 37 37 0 0 0 0 148 148 0 0 99 99 37 37 0 0 0 0 148 148 0 0 133 133 230 230 255 255 177 177 0 0 0 0 204 204 255 255 255 255 255 255 0 0 0 0 204 204 255 255 255 255 255 255 0 0 0 0 163 163 255 255 255 255 255 255 0 0 0 116 37 37 230 230 255 255 148 148 0 0 0 116 37 37 230 230 255 255 148 148 0 0 0 243 116 116 0 0 0 0 81 81 217 217 0 243 116 116 0 0 0 0 81 81 217 217 0
6 255 255 255 255 255 177 177 81 81 0 0 0 255 230 230 60 60 0 0 116 116 204 204 0 255 230 230 60 60 0 0 116 116 204 204 0 243 37 37 0 0 204 204 255 255 255 255 0 116 0 0 148 148 255 255 255 255 255 255 0 116 0 0 148 148 255 255 255 255 255 255 0 0 0 0 37 37 0 0 37 37 217 217 0 0 0 0 243 243 163 163 0 0 0 0 0 0 81 81 255 255 255 255 0 0 0 0 0 0 81 81 255 255 255 255 0 0 0 0 0 0 60 60 255 255 255 255 0 0 0 0 0 0 0 0 243 243 255 255 0 0 0 0 0 0 0 0 243 243 255 255 0 0 0 0 0 99 0 0 163 163 217 217 0 0 81 81 0 243 133 133 0 0 0 0 116 116 243 243 0 243 133 133 0 0 0 0 116 116 243 243 0
6 255 255 255 255 255 0 0 0 0 0 0 0 255 255 255 0 0 255 255 255 255 255 255 0 255 255 255 0 0 255 255 255 255 255 255 0 255 0 0 255 255 255 255 255 255 255 255 0 255 0 0 255 255 255 255 255 255 255 255 0 255 0 0 255 255 255 255 255 255 255 255 0 0 255 255 0 0 0 0 255 255 255 255 0 0 0 0 255 255 255 255 0 0 255 255 0 0 255 255 255 255 255 255 255 255 0 0 0 0 255 255 255 255 255 255 255 255 0 0 0 0 255 255 255 255 255 255 255 255 0 0 0 0 255 255 255 255 255 255 255 255 0 0 0 0 255 255 255 255 255 255 255 255 0 0 0 255 0 0 255 255 255 255 0 0 255 255 0 255 255 255 0 0 0 0 255 255 255 255 0 255 255 255 0 0 0 0 255 255 255 255 0
6 255 204 204 116 116 0 0 0 0 0 255 255 177 0 0 0 0 0 0 0 0 0 255 255 177 0 0 0 0 0 0 0 0 0 255 255 0 0 0 148 148 230 230 255 255 255 255 255 0 60 60 255 255 255 255 255 255 255 255 255 0 60 60 255 255 255 255 255 255 255 255 255 0 116 116 81 81 0 0 0 116 116 243 243 0 116 116 81 81 0 0 0 116 116 243 243 0 0 0 0 0 0 0 0 0 0 116 116 0 37 37 204 204 255 255 191 0 0 0 0 0 37 37 204 204 255 255 191 0 0 0 0 0 99 99 243 243 255 255 163 0 0 37 37 60 0 0 0 0 0 0 0 0 0 163 163 60 0 0 0 0 0 0 0 0 0 163 163 243 99 99 0 0 0 0 60 177 177 255 255 243 99 99 0 0 0 0 60 177 177 255 255
6 255 243 243 116 116 37 37 0 0 0 255 255 230 0 0 133 133 230 230 255 255 255 255 255 230 0 0 133 133 230 230 255 255 255 255 255 116 116 116 255 255 255 255 255 255 255 255 255 0 204 204 255 255 255 255 255 255 255 255 255 0 204 204 255 255 255 255 255 255 255 255 255 0 163 163 60 60 0 0 0 148 148 255 255 0 163 163 60 60 0 0 0 148 148 255 255 0 99 99 230 230 255 255 204 0 0 163 163 0 230 230 255 255 255 255 255 81 81 81 81 0 230 230 255 255 255 255 255 81 81 81 81 0 191 191 255 255 255 255 255 81 81 99 99 116 60 60 230 230 255 255 163 0 0 204 204 116 60 60 230 230 255 255 163 0 0 204 204 243 116 116 0 0 0 0 60 191 191 255 255 243 116 116 0 0 0 0 60 191 191 255 255
6 255 255 255 255 255 0 0 0 0 0 255 255 255 255 0 0 0 0 255 255 255 255 255 255 255 0 0 0 255 255 255 255 255 255 255 255 255 0 0 0 255 255 255 255 255 255 255 255 255 0 0 0 255 255 255 255 255 255 255 255 0 0 255 255 0 0 0 0 0 255 255 255 0 0 0 0 255 255 255 255 0 0 255 255 0 0 0 0 255 255 255 255 0 0 255 255 0 0 255 255 255 255 255 255 255 0 0 0 0 0 255 255 255 255 255 255 255 0 0 0 0 0 255 255 255 255 255 255 255 0 0 0 0 0 255 255 255 255 255 255 255 0 0 0 0 0 255 255 255 255 255 255 255 0 0 0 255 0 0 0 255 255 255 255 0 0 255 255 255 255 0 0 0 0 0 0 0 255 255 255 255 255 0 0 0 0 0 0 0 255 255 255
6 255 255 255 255 0 0 0 0 0 0 255 255 255 255 255 0 255 255 255 255 255 255 255 255 255 0 0 255 255 255 255 255 255 255 255 255 255 0 0 255 255 255 255 255 255 255 255 255 0 255 255 255 255 255 255 255 255 255 255 255 0 255 255 0 0 0 0 0 0 255 255 255 0 0 0 255 255 255 255 255 255 0 255 255 0 0 0 255 255 255 255 255 255 0 255 255 0 255 255 255 255 255 255 255 255 255 0 0 0 255 255 255 255 255 255 255 255 255 0 0 0 255 255 255 255 255 255 255 255 255 0 0 0 255 255 255 255 255 255 255 255 255 0 0 0 255 255 255 255 255 255 255 255 255 0 0 255 0 0 255 255 255 255 255 255 0 255 255 255 255 255 0 0 0 0 0 0 255 255 255 255 255 255 0 0 0 0 0 0 255 255 255
6 255 255 255 255 0 0 0 0 0 0 255 255 255 255 0 0 0 255 255 255 255 255 255 255 255 0 0 0 255 255 255 255 255 255 255 255 255 0 0 0 255 255 255 255 255 255 255 255 0 0 255 255 255 255 255 255 255 255 255 255 0 0 0 0 0 0 0 0 0 255 255 255 0 0 255 255 255 255 255 255 0 0 255 255 0 0 255 255 255 255 255 255 0 0 255 255 0 0 255 255 255 255 255 255 255 0 0 0 0 0 255 255 255 255 255 255 255 0 0 0 0 0 255 255 255 255 255 255 255 0 0 0 0 0 255 255 255 255 255 255 255 0 0 0 0 0 255 255 255 255 255 255 255 0 0 0 255 0 0 0 255 255 255 255 0 0 255 255 255 255 0 0 0 0 0 0 0 255 255 255 255 255 0 0 0 0 0 0 0 255 255 255
6 255 255 255 255 0 0 0 0 0 0 255 255 255 255 255 0 255 255 255 255 255 255 255 255 255 0 0 255 255 255 255 255 255 255 255 255 255 0 0 255 255 255 255 255 255 255 255 255 0 255 255 255 255 255 255 255 255 255 255 255 0 255 255 0 0 0 0 0 0 255 255 255 0 0 0 255 255 255 255 255 255 0 255 255 0 0 0 255 255 255 255 255 255 0 255 255 0 255 255 255 255 255 255 255 255 255 0 0 0 255 255 255 255 255 255 255 255 255 0 0 0 255 255 255 255 255 255 255 255 255 0 0 0 255 255 255 255 255 255 255 255 255 0 0 0 255 255 255 255 255 255 255 255 255 0 0 255 0 0 255 255 255 255 255 255 0 255 255 255 255 255 0 0 0 0 0 0 255 255 255 255 255 255 0 0 0 0 0 0 255 255 255
6 255 255 255 177 60 60 0 0 0 60 255 255 255 116 116 0 0 0 0 0 0 0 255 255 255 116 116 0 0 0 0 0 0 0 255 255 177 0 0 0 148 148 243 255 255 191 255 255 60 0 0 116 255 255 255 255 255 255 255 255 60 0 0 116 255 255 255 255 255 255 255 255 0 0 0 148 81 81 0 37 37 163 255 255 0 0 0 0 0 0 0 0 0 0 191 191 0 0 0 99 255 255 230 0 0 0 99 99 0 0 0 99 255 255 230 0 0 0 99 99 0 0 0 191 255 255 255 81 81 0 81 81 60 0 0 99 243 243 217 0 0 0 133 133 60 0 0 99 243 243 217 0 0 0 133 133 204 0 0 0 0 0 0 0 0 0 230 230 255 204 204 60 0 0 0 99 99 230 255 255 255 204 204 60 0 0 0 99 99 230 255 255
6 255 255 255 148 148 37 37 0 0 0 217 217 255 81 81 81 81 230 230 255 255 255 255 255 255 81 81 81 81 230 230 255 255 255 255 255 177 37 37 243 243 255 255 255 255 255 255 255 81 163 163 255 255 255 255 255 255 255 255 255 81 163 163 255 255 255 255 255 255 255 255 255 0 163 163 81 81 0 0 0 133 133 255 255 0 37 37 204 204 255 255 204 0 0 148 148 0 177 177 255 255 255 255 255 163 163 0 0 0 177 177 255 255 255 255 255 163 163 0 0 0 204 204 255 255 255 255 255 204 204 0 0 60 148 148 255 255 255 255 255 163 163 37 37 60 148 148 255 255 255 255 255 163 163 37 37 191 0 0 204 204 255 255 204 0 0 191 191 255 191 191 37 37 0 0 37 191 191 255 255 255 191 191 37 37 0 0 37 191 191 255 255
6 255 243 243 148 148 37 37 0 0 0 0 0 243 60 60 0 0 191 191 255 255 255 255 0 243 60 60 0 0 191 191 255 255 255 255 0 60 0 0 217 217 255 255 255 255 255 255 0 0 148 148 255 255 255 255 255 255 255 255 0 0 148 148 255 255 255 255 255 255 255 255 0 0 148 148 37 37 0 0 81 81 217 217 0 0 148 148 37 37 0 0 81 81 217 217 0 0 0 0 204 204 243 243 60 60 0 0 0 0 148 148 255 255 255 255 191 191 0 0 0 0 148 148 255 255 255 255 191 191 0 0 0 0 191 191 255 255 255 255 204 204 0 0 0 81 60 60 243 243 243 243 116 116 0 0 0 81 60 60 243 243 243 243 116 116 0 0 0 243 116 116 0 0 0 0 60 60 204 204 0 243 116 116 0 0 0 0 60 60 204 204 0
6 255 255 255 255 255 0 0 0 0 0 0 0 255 255 255 0 0 255 255 255 255 255 255 255 255 255 255 0 0 255 255 255 255 255 255 255 255 0 0 255 255 255 255 255 255 255 255 255 0 255 255 255 255 255 255 255 255 255 255 255 0 255 255 255 255 255 255 255 255 255 255 255 0 255 255 0 0 0 0 0 0 0 255 255 0 255 255 0 0 0 0 0 0 0 255 255 0 0 0 255 255 255 255 255 255 255 0 0 0 255 255 255 255 255 255 255 255 255 0 0 0 255 255 255 255 255 255 255 255 255 0 0 0 255 255 255 255 255 255 255 255 255 0 0 0 255 255 255 255 255 255 255 255 255 0 0 0 255 255 255 255 255 255 255 255 255 0 0 255 0 0 0 0 0 0 0 0 0 255 255 255 0 0 0 0 0 0 0 0 0 255 255
6 255 255 255 255 255 255 0 0 0 0 255 255 255 255 255 255 0 0 0 255 255 255 255 255 255 255 255 255 0 0 0 255 255 255 255 255 255 255 255 0 0 0 255 255 255 255 255 255 255 0 0 0 255 255 255 255 255 255 255 255 255 0 0 0 255 255 255 255 255 255 255 255 255 0 0 0 0 0 0 0 0 255 255 255 0 0 0 255 255 255 255 0 0 0 255 255 0 0 0 255 255 255 255 255 255 0 0 0 0 0 0 255 255 255 255 255 255 0 0 0 0 0 0 255 255 255 255 255 255 0 0 0 0 0 0 255 255 255 255 255 255 0 0 0 0 0 0 255 255 255 255 255 255 0 0 0 255 0 0 0 255 255 255 0 0 0 255 255 255 255 255 0 0 0 0 0 0 255 255 255 255 255 255 0 0 0 0 0 0 255 255 255
6 255 255 255 255 255 0 0 0 0 0 255 255 255 255 255 0 0 255 255 255 255 255 255 255 255 255 255 0 0 255 255 255 255 255 255 255 255 0 0 255 255 255 255 255 255 255 255 255 255 0 0 255 255 255 255 255 255 255 255 255 255 0 0 255 255 255 255 255 255 255 255 255 0 255 255 0 0 0 0 0 255 255 255 255 0 0 0 255 255 255 255 255 0 0 255 255 0 255 255 255 255 255 255 255 255 255 0 0 0 255 255 255 255 255 255 255 255 255 0 0 0 255 255 255 255 255 255 255 255 255 0 0 0 255 255 255 255 255 255 255 255 255 0 0 0 255 255 255 255 255 255 255 255 255 0 0 255 0 0 255 255 255 255 255 0 0 255 255 255 255 255 0 0 0 0 0 255 255 255 255 255 255 255 0 0 0 0 0 255 255 255 255
6 255 255 255 255 255 177 177 37 177 177 255 255 255 255 255 116 116 0 0 37 204 204 255 255 255 255 255 116 116 0 0 37 204 204 255 255 255 148 148 0 0 60 60 243 255 255 255 255 230 0 0 0 0 230 230 255 255 255 255 255 230 0 0 0 0 230 230 255 255 255 255 255 116 0 0 0 0 0 0 0 99 99 217 217 37 0 0 0 0 0 0 0 0 0 0 0 0 0 0 148 148 255 255 230 60 60 0 0 0 0 0 148 148 255 255 230 60 60 0 0 37 0 0 204 204 255 255 255 148 148 0 0 116 0 0 148 148 255 255 243 60 60 0 0 116 0 0 148 148 255 255 243 60 60 0 0 217 0 0 0 0 0 0 0 0 0 0 0 255 204 204 60 60 0 0 0 99 99 217 217 255 204 204 60 60 0 0 0 99 99 217 217
6 255 255 255 255 255 0 0 255 255 255 255 0 255 255 255 0 0 255 255 255 255 255 255 0 255 255 255 0 0 255 255 255 255 255 255 0 255 0 0 255 255 255 255 255 255 255 255 0 255 0 0 255 255 255 255 255 255 255 255 0 255 0 0 255 255 255 255 255 255 255 255 0 0 255 255 0 0 0 0 255 255 255 255 0 0 0 0 255 255 255 255 0 0 255 255 0 0 255 255 255 255 255 255 255 255 0 0 0 0 255 255 255 255 255 255 255 255 0 0 0 0 255 255 255 255 255 255 255 255 0 0 0 0 255 255 255 255 255 255 255 255 0 0 0 0 255 255 255 255 255 255 255 255 0 0 0 255 0 0 255 255 255 255 0 0 255 255 0 255 255 255 0 0 0 0 255 255 255 255 0 255 255 255 0 0 0 0 255 255 255 255 0
6 255 255 255 255 177 177 81 0 0 191 255 255 255 217 217 60 0 0 163 243 243 255 255 255 255 217 217 60 0 0 163 243 243 255 255 255 243 37 37 0 217 217 255 255 255 255 255 255 148 0 0 116 255 255 255 255 255 255 255 255 148 0 0 116 255 255 255 255 255 255 255 255 0 0 0 116 60 60 0 0 0 133 255 255 0 0 0 116 60 60 0 0 0 133 255 255 0 0 0 133 243 243 230 37 37 0 163 163 0 0 0 204 255 255 255 133 133 0 81 81 0 0 0 204 255 255 255 133 133 0 81 81 0 0 0 204 255 255 255 133 133 0 99 99 148 0 0 99 243 243 230 0 0 0 191 191 148 0 0 99 243 243 230 0 0 0 191 191 255 148 148 37 0 0 0 81 81 191 255 255 255 148 148 37 0 0 0 81 81 191 255 255
6 255 255 255 255 255 163 163 60 0 0 255 255 255 243 243 60 60 99 99 204 255 255 255 255 255 243 243 60 60 99 99 204 255 255 255 255 243 60 60 116 116 255 255 255 255 255 255 255 163 0 0 243 243 255 255 255 255 255 255 255 163 0 0 243 243 255 255 255 255 255 255 255 60 81 81 116 116 0 0 0 81 81 230 230 60 81 81 116 116 0 0 0 81 81 230 230 0 60 60 217 217 255 255 230 60 60 99 99 0 148 148 255 255 255 255 255 148 148 0 0 0 148 148 255 255 255 255 255 148 148 0 0 37 116 116 255 255 255 255 255 148 148 0 0 148 0 0 204 204 255 255 230 37 37 133 133 148 0 0 204 204 255 255 230 37 37 133 133 255 148 148 0 0 0 0 37 148 148 255 255 255 148 148 0 0 0 0 37 148 148 255 255
6 255 243 243 116 0 0 0 0 0 60 133 133 243 60 60 0 116 116 255 230 230 191 177 177 148 0 0 37 243 243 255 255 255 255 255 255 148 0 0 37 243 243 255 255 255 255 255 255 37 0 0 148 255 255 255 255 255 255 255 255 0 0 0 133 0 0 0 37 37 148 255 255 0 0 0 0 191 191 204 0 0 0 133 133 0 0 0 0 191 191 204 0 0 0 133 133 0 0 0 60 255 255 255 133 133 0 0 0 0 0 0 148 255 255 255 204 204 0 0 0 0 0 0 116 255 255 255 204 204 0 0 0 0 0 0 116 255 255 255 204 204 0 0 0 81 0 0 37 255 255 255 163 163 0 0 0 204 0 0 0 163 163 217 0 0 0 163 163 255 191 191 37 0 0 0 60 60 177 255 255 255 191 191 37 0 0 0 60 60 177 255 255
6 255 255 255 0 0 0 0 0 0 0 255 255 255 0 0 255 255 255 255 255 255 255 255 255 255 0 0 255 255 255 255 255 255 255 255 255 255 0 0 255 255 255 255 255 255 255 255 255 0 255 255 255 255 255 255 255 255 255 255 255 0 255 255 0 0 0 0 0 255 255 255 255 0 0 0 255 255 255 255 255 0 0 255 255 0 0 0 255 255 255 255 255 0 0 255 255 0 255 255 255 255 255 255 255 255 255 0 0 0 255 255 255 255 255 255 255 255 255 0 0 0 255 255 255 255 255 255 255 255 255 0 0 0 255 255 255 255 255 255 255 255 255 0 0 0 255 255 255 255 255 255 255 255 255 0 0 255 0 0 255 255 255 255 255 0 0 255 255 255 255 255 0 0 0 0 0 255 255 255 255 255 255 255 0 0 0 0 0 255 255 255 255
6 255 255 255 0 0 0 0 0 0 0 255 255 255 0 0 0 0 0 255 0 0 0 0 0 255 0 0 0 0 0 255 0 0 0 0 0 255 0 0 0 255 255 255 255 255 255 255 255 0 0 0 0 255 255 255 255 255 255 255 255 0 0 0 0 255 255 255 255 255 255 255 255 0 0 0 0 0 0 0 0 0 0 255 255 0 0 0 0 0 0 0 0 0 0 0 0 0 0 0 0 255 255 255 0 0 0 0 0 0 0 0 0 255 255 255 0 0 0 0 0 0 0 0 0 255 255 255 0 0 0 0 0 0 0 0 0 255 255 255 0 0 0 0 0 0 0 0 0 255 255 255 0 0 0 0 0 255 0 0 0 0 0 0 0 0 0 255 255 255 255 255 0 0 0 0 0 0 255 255 255 255 255 255 0 0 0 0 0 0 255 255 255
6 255 255 255 0 0 0 0 0 0 0 255 255 255 0 0 0 0 255 255 255 0 0 0 0 255 0 0 0 0 255 255 255 0 0 0 0 255 0 0 255 255 255 255 255 255 255 255 255 0 0 0 255 255 255 255 255 255 255 255 255 0 0 0 255 255 255 255 255 255 255 255 255 0 0 0 255 255 0 0 0 0 0 255 255 0 0 0 0 0 255 255 0 0 0 0 0 0 0 0 255 255 255 255 255 0 0 0 0 0 0 0 255 255 255 255 255 0 0 0 0 0 0 0 255 255 255 255 255 0 0 0 0 0 0 0 255 255 255 255 255 0 0 0 0 0 0 0 255 255 255 255 255 0 0 0 0 255 0 0 0 0 255 255 0 0 0 255 255 255 255 255 0 0 0 0 0 255 255 255 255 255 255 255 0 0 0 0 0 255 255 255 255
6 255 255 255 177 177 0 0 0 0 243 243 0 255 255 255 37 37 0 0 148 148 255 255 0 255 255 255 37 37 0 0 148 148 255 255 0 255 177 177 0 0 37 37 243 243 255 255 0 255 37 37 0 0 177 177 255 255 255 255 0 255 37 37 0 0 177 177 255 255 255 255 0 177 0 0 0 0 0 0 37 37 204 204 0 60 0 0 0 0 0 0 0 0 0 0 0 0 0 0 217 217 243 243 0 0 0 0 0 0 0 0 217 217 243 243 0 0 0 0 0 0 0 0 255 255 255 255 81 81 0 0 0 0 0 0 217 217 243 243 37 37 0 0 0 0 0 0 217 217 243 243 37 37 0 0 0 60 0 0 0 0 0 0 0 0 0 0 0 243 99 99 0 0 0 0 81 81 217 217 0 243 99 99 0 0 0 0 81 81 217 217 0
6 255 255 255 230 230 0 0 116 116 255 255 0 255 255 255 116 116 0 0 230 230 255 255 0 255 255 255 116 116 0 0 230 230 255 255 0 255 230 230 0 0 133 133 255 255 255 255 0 255 116 116 0 0 243 243 255 255 255 255 0 255 116 116 0 0 243 243 255 255 255 255 0 230 0 0 0 0 0 0 37 37 217 217 0 116 0 0 0 0 0 0 0 0 37 37 0 0 37 37 243 243 243 243 99 99 0 0 0 0 37 37 243 243 243 243 99 99 0 0 0 0 148 148 255 255 255 255 204 204 0 0 0 0 60 60 243 243 255 255 99 99 0 0 0 0 60 60 243 243 255 255 99 99 0 0 0 116 0 0 0 0 0 0 0 0 60 60 0 243 116 116 0 0 0 0 81 81 217 217 0 243 116 116 0 0 0 0 81 81 217 217 0
6 255 255 255 255 177 177 0 133 133 255 255 255 255 255 255 177 0 0 0 177 177 255 255 255 255 177 177 0 0 0 177 255 255 255 255 255 255 177 177 0 0 0 177 255 255 255 255 255 217 0 0 0 217 217 255 255 255 255 255 255 99 0 0 0 0 0 0 60 60 177 255 255 0 0 0 0 0 0 0 0 0 0 148 148 0 0 0 0 0 0 0 0 0 0 148 148 0 0 0 0 0 0 0 0 0 0 0 0 0 60 60 217 255 255 255 204 204 0 0 0 0 0 0 204 255 255 255 163 163 0 0 0 0 0 0 204 255 255 255 163 163 0 0 0 0 0 0 0 0 0 0 0 0 0 60 60 148 0 0 0 0 0 0 0 0 0 217 217 255 163 163 37 0 0 0 99 99 217 255 255 255 163 163 37 0 0 0 99 99 217 255 255
6 255 255 255 255 255 177 177 0 217 217 255 255 255 255 255 177 177 0 0 37 243 243 255 255 255 191 191 0 0 0 0 217 255 255 255 255 255 191 191 0 0 0 0 217 255 255 255 255 243 0 0 0 0 217 217 255 255 255 255 255 148 0 0 163 163 255 255 255 255 255 255 255 37 0 0 133 133 0 0 0 60 60 204 204 37 0 0 133 133 0 0 0 60 60 204 204 0 0 0 0 0 0 0 0 0 0 0 0 0 99 99 230 230 255 255 255 163 163 0 0 0 148 148 255 255 255 255 255 255 255 0 0 0 148 148 255 255 255 255 255 255 255 0 0 37 0 0 204 204 255 255 243 116 116 0 0 191 0 0 0 0 0 0 0 0 0 60 60 255 163 163 37 37 0 0 0 116 116 243 243 255 163 163 37 37 0 0 0 116 116 243 243
6 255 255 255 0 0 0 0 0 0 255 255 255 255 0 0 0 255 255 255 0 0 0 255 255 0 0 0 255 255 255 255 255 255 0 0 0 0 0 0 255 255 255 255 255 255 0 0 0 0 0 0 255 255 255 255 255 255 255 255 255 0 0 0 0 0 0 0 0 0 255 255 255 0 0 0 0 255 255 255 0 0 0 255 255 0 0 0 0 255 255 255 0 0 0 255 255 0 0 0 255 255 255 255 255 255 0 0 0 0 0 0 255 255 255 255 255 255 0 0 0 0 0 0 255 255 255 255 255 255 0 0 0 0 0 0 255 255 255 255 255 255 0 0 0 0 0 0 255 255 255 255 255 255 0 0 0 255 0 0 0 255 255 255 0 0 0 255 255 255 255 255 0 0 0 0 0 0 255 255 255 255 255 255 0 0 0 0 0 0 255 255 255
6 255 255 255 0 0 0 0 0 255 255 255 255 255 0 0 255 255 255 255 255 0 0 255 255 0 255 255 255 255 255 255 255 255 255 0 0 0 255 255 255 255 255 255 255 255 255 0 0 0 255 255 255 255 255 255 255 255 255 255 255 0 255 255 0 0 0 0 0 255 255 255 255 0 0 0 255 255 255 255 255 0 0 255 255 0 0 0 255 255 255 255 255 0 0 255 255 0 255 255 255 255 255 255 255 255 255 0 0 0 255 255 255 255 255 255 255 255 255 0 0 0 255 255 255 255 255 255 255 255 255 0 0 0 255 255 255 255 255 255 255 255 255 0 0 0 255 255 255 255 255 255 255 255 255 0 0 255 0 0 255 255 255 255 255 0 0 255 255 255 255 255 0 0 0 0 0 255 255 255 255 255 255 255 0 0 0 0 0 255 255 255 255
6 255 255 255 177 177 99 99 0 148 148 255 255 255 116 116 0 0 116 116 217 255 255 255 255 255 116 116 0 0 116 116 217 255 255 255 255 148 0 0 177 177 255 255 255 255 255 255 255 0 60 60 255 255 255 255 255 255 255 255 255 0 60 60 255 255 255 255 255 255 255 255 255 0 81 81 37 37 0 0 0 148 148 255 255 0 81 81 37 37 0 0 0 148 148 255 255 0 99 99 243 243 243 243 99 0 0 163 163 0 148 148 255 255 255 255 230 0 0 81 81 0 148 148 255 255 255 255 230 0 0 81 81 0 99 99 255 255 255 255 243 0 0 99 99 81 0 0 204 204 255 255 116 0 0 204 204 81 0 0 204 204 255 255 116 0 0 204 204 243 116 116 0 0 0 0 60 191 191 255 255 243 116 116 0 0 0 0 60 191 191 255 255
6 255 255 255 204 204 99 99 0 148 148 255 255 255 133 133 0 0 148 148 217 255 255 255 255 255 133 133 0 0 148 148 217 255 255 255 255 204 0 0 217 217 255 255 255 255 255 255 255 99 116 116 255 255 255 255 255 255 255 255 255 99 116 116 255 255 255 255 255 255 255 255 255 0 133 133 81 81 0 0 0 133 133 255 255 0 133 133 81 81 0 0 0 133 133 255 255 0 116 116 243 243 255 255 177 0 0 148 148 0 204 204 255 255 255 255 255 133 133 81 81 0 204 204 255 255 255 255 255 133 133 81 81 37 133 133 255 255 255 255 255 133 133 81 81 163 0 0 204 204 255 255 204 0 0 191 191 163 0 0 204 204 255 255 204 0 0 191 191 255 163 163 37 37 0 0 37 163 163 255 255 255 163 163 37 37 0 0 37 163 163 255 255
6 255 243 243 116 116 0 0 0 0 0 217 217 243 60 60 37 37 204 204 255 230 230 243 243 243 60 60 37 37 204 204 255 230 230 243 243 148 0 0 204 204 255 255 255 255 255 255 255 37 60 60 255 255 255 255 255 255 255 255 255 37 60 60 255 255 255 255 255 255 255 255 255 0 0 0 37 37 0 0 0 148 148 255 255 0 0 0 204 204 255 255 177 0 0 133 133 0 148 148 255 255 255 255 255 37 37 0 0 0 148 148 255 255 255 255 255 37 37 0 0 0 133 133 255 255 255 255 255 81 81 0 0 37 60 60 255 255 255 255 255 0 0 0 0 37 60 60 255 255 255 255 255 0 0 0 0 177 0 0 163 163 255 255 148 0 0 148 148 255 163 163 37 37 0 0 37 148 148 255 255 255 163 163 37 37 0 0 37 148 148 255 255
6 255 243 243 116 116 0 0 0 0 37 37 0 243 60 60 99 99 230 230 255 255 255 255 0 243 60 60 99 99 230 230 255 255 255 255 0 148 81 81 255 255 255 255 255 255 255 255 0 37 191 191 255 255 255 255 255 255 255 255 0 37 191 191 255 255 255 255 255 255 255 255 0 0 81 81 0 0 0 0 37 37 191 191 0 0 81 81 0 0 0 0 37 37 191 191 0 0 177 177 243 243 255 255 204 204 0 0 0 0 243 243 255 255 255 255 255 255 81 81 0 0 243 243 255 255 255 255 255 255 81 81 0 37 177 177 255 255 255 255 255 255 81 81 0 163 37 37 217 217 255 255 191 191 0 0 0 163 37 37 217 217 255 255 191 191 0 0 0 255 148 148 0 0 0 0 60 60 191 191 0 255 148 148 0 0 0 0 60 60 191 191 0
6 255 255 255 255 255 177 177 99 60 60 191 191 255 217 217 37 37 60 60 204 255 255 255 255 255 217 217 37 37 60 60 204 255 255 255 255 217 0 0 60 60 243 243 255 255 255 255 255 37 0 0 230 230 255 255 255 255 255 255 255 37 0 0 230 230 255 255 255 255 255 255 255 0 60 60 133 133 0 0 0 116 116 243 243 0 0 0 217 217 243 243 99 0 0 81 81 0 116 116 255 255 255 255 230 0 0 0 0 0 116 116 255 255 255 255 230 0 0 0 0 0 148 148 255 255 255 255 255 0 0 0 0 0 81 81 255 255 255 255 243 0 0 0 0 0 81 81 255 255 255 255 243 0 0 0 0 81 0 0 177 177 255 255 148 0 0 148 148 243 133 133 0 0 0 0 37 191 191 255 255 243 133 133 0 0 0 0 37 191 191 255 255
6 255 255 255 255 255 217 217 133 37 37 177 177 255 243 243 99 99 0 0 133 217 217 255 255 255 243 243 99 99 0 0 133 217 217 255 255 255 60 60 60 60 243 243 255 255 255 255 255 148 0 0 243 243 255 255 255 255 255 255 255 148 0 0 243 243 255 255 255 255 255 255 255 0 81 81 81 81 0 0 0 148 148 255 255 0 60 60 230 230 255 255 163 0 0 148 148 0 204 204 255 255 255 255 255 116 116 0 0 0 204 204 255 255 255 255 255 116 116 0 0 0 204 204 255 255 255 255 255 148 148 0 0 0 163 163 255 255 255 255 255 133 133 37 37 0 163 163 255 255 255 255 255 133 133 37 37 148 0 0 204 204 255 255 204 0 0 191 191 255 163 163 37 37 0 0 37 191 191 255 255 255 163 163 37 37 0 0 37 191 191 255 255
7 0 0 0 0 0 0 0 0 0 0 0 0 0 0 0 0 0 0 0 0 0 0 0 0 255 255 255 255 255 255 255 99 0 0 81 81 255 255 255 255 255 255 255 99 0 0 81 81 255 255 255 255 255 177 177 0 0 0 243 243 255 255 255 255 255 37 37 0 177 177 255 255 255 255 255 177 177 0 0 37 255 255 255 255 255 255 255 177 177 0 0 37 255 255 255 255 255 255 255 60 60 0 0 163 255 255 255 255 255 230 230 0 0 0 0 243 255 255 255 255 255 163 163 0 0 60 60 255 255 255 255 255 255 163 163 0 0 60 60 255 255 255 255 255 255 99 99 0 0 133 133 255 255 255 255 255 255 81 81 0 0 163 163 255 255 255 255 255 255 0 0 0 0 204 204 255 255 255 255 255 255 0 0 0 0 204 204 255 255 255 255 255
7 0 0 0 0 0 0 0 0 0 0 0 0 255 255 255 255 255 255 255 255 0 0 255 255 255 255 255 255 255 255 255 255 0 0 255 255 255 255 255 255 255 255 255 255 0 0 255 255 255 255 255 255 255 255 255 0 255 255 255 255 255 255 255 255 255 255 255 0 255 255 255 255 255 255 255 255 255 0 0 255 255 255 255 255 255 255 255 255 255 0 0 255 255 255 255 255 255 255 255 255 255 0 0 255 255 255 255 255 255 255 255 255 255 0 0 255 255 255 255 255 255 255 255 255 255 0 0 255 255 255 255 255 255 255 255 255 255 0 0 255 255 255 255 255 255 255 255 0 0 255 255 255 255 255 255 255 255 255 255 0 0 255 255 255 255 255 255 255 255 255 255 0 0 255 255 255 255 255 255 255 255 255 255 0 0 255 255 255 255 255 255 255
7 0 0 0 0 0 0 0 0 0 0 0 0 0 0 0 0 0 0 0 0 0 0 0 0 0 0 0 0 0 0 0 0 0 0 0 0 255 255 255 255 255 243 243 0 0 0 0 0 255 255 255 255 255 148 148 0 0 116 116 0 255 255 255 255 255 148 148 0 0 116 116 0 255 255 255 255 255 37 37 0 0 204 204 0 255 255 255 255 255 37 37 0 0 204 204 0 255 255 255 177 177 0 0 81 81 255 255 0 255 255 255 37 37 0 0 177 177 255 255 0 255 255 255 37 37 0 0 177 177 255 255 0 255 177 177 0 0 37 37 255 255 255 255 0 255 37 37 0 0 177 177 255 255 255 255 0 255 37 37 0 0 177 177 255 255 255 255 0 217 0 0 0 0 243 243 255 255 255 255 0 217 0 0 0 0 243 243 255 255 255 255 0
7 0 0 0 0 0 0 0 0 0 0 0 0 255 255 255 255 255 255 255 204 204 0 0 0 255 255 255 255 255 255 255 204 204 0 0 0 255 255 255 255 255 255 255 99 99 81 81 0 255 255 255 255 255 230 230 0 0 204 204 0 255 255 255 255 255 230 230 0 0 204 204 0 255 255 255 255 255 116 116 37 37 255 255 0 255 255 255 255 255 116 116 37 37 255 255 0 255 255 255 243 243 0 0 177 177 255 255 0 255 255 255 148 148 0 0 243 243 255 255 0 255 255 255 148 148 0 0 243 243 255 255 0 255 255 255 37 37 133 133 255 255 255 255 0 255 177 177 0 0 230 230 255 255 255 255 0 255 177 177 0 0 230 230 255 255 255 255 0 255 60 60 116 116 255 255 255 255 255 255 0 255 60 60 116 116 255 255 255 255 255 255 0
7 60 0 0 0 0 0 0 0 0 0 0 0 0 0 0 0 0 0 0 0 0 0 0 0 0 0 0 0 0 0 0 0 0 0 0 0 177 255 255 255 255 255 255 177 177 116 116 0 255 255 255 255 255 255 255 99 99 191 191 0 255 255 255 255 255 255 255 99 99 191 191 0 255 255 255 255 255 243 243 0 0 255 255 0 255 255 255 255 255 177 177 116 116 255 255 0 255 255 255 255 255 99 99 191 191 255 255 0 255 255 255 255 255 99 99 191 191 255 255 0 255 255 255 255 255 37 37 255 255 255 255 0 255 255 255 191 191 116 116 255 255 255 255 0 255 255 255 191 191 116 116 255 255 255 255 0 255 255 255 116 116 191 191 255 255 255 255 0 255 255 255 37 37 255 255 255 255 255 255 0 255 255 255 37 37 255 255 255 255 255 255 0
7 255 0 0 0 0 0 0 0 0 0 0 0 0 255 255 255 255 255 255 255 255 255 0 0 0 255 255 255 255 255 255 255 255 255 0 0 255 255 255 255 255 255 255 255 255 255 0 0 255 255 255 255 255 255 255 255 0 0 255 255 255 255 255 255 255 255 255 255 0 0 255 255 255 255 255 255 255 255 255 255 0 0 255 255 255 255 255 255 255 255 255 255 0 0 255 255 255 255 255 255 255 255 255 0 255 255 255 255 255 255 255 255 255 255 255 0 255 255 255 255 255 255 255 255 255 255 255 0 255 255 255 255 255 255 255 255 255 255 255 0 255 255 255 255 255 255 255 255 255 255 255 0 255 255 255 255 255 255 255 255 255 0 0 255 255 255 255 255 255 255 255 255 255 0 0 255 255 255 255 255 255 255 255 255 255 0 0 255 255 255 255 255
7 0 0 0 0 0 0 0 0 0 0 81 81 0 0 0 0 0 0 0 0 0 0 81 81 0 0 0 0 0 0 0 0 0 0 81 81 255 255 255 255 255 255 255 81 0 0 177 177 255 255 255 255 255 204 204 0 37 37 255 255 255 255 255 255 255 204 204 0 37 37 255 255 255 255 255 255 255 81 81 0 177 177 255 255 255 255 255 255 255 81 81 0 177 177 255 255 255 255 255 204 204 0 0 37 255 255 255 255 255 255 255 81 81 0 0 177 255 255 255 255 255 255 255 81 81 0 0 177 255 255 255 255 255 191 191 0 0 37 37 255 255 255 255 255 255 37 37 0 0 177 177 255 255 255 255 255 255 37 37 0 0 177 177 255 255 255 255 255 177 0 0 37 37 255 255 255 255 255 255 255 177 0 0 37 37 255 255 255 255 255 255 255
7 0 0 0 0 0 0 0 0 0 0 81 81 255 255 255 255 255 255 255 243 0 0 177 177 255 255 255 255 255 255 255 243 0 0 177 177 255 255 255 255 255 255 255 148 37 37 255 255 255 255 255 255 255 243 243 0 177 177 255 255 255 255 255 255 255 243 243 0 177 177 255 255 255 255 255 255 255 148 148 0 243 243 255 255 255 255 255 255 255 148 148 0 243 243 255 255 255 255 255 243 243 0 0 148 255 255 255 255 255 255 255 148 148 0 0 243 255 255 255 255 255 255 255 148 148 0 0 243 255 255 255 255 255 243 243 0 0 148 148 255 255 255 255 255 255 148 148 0 0 243 243 255 255 255 255 255 255 148 148 0 0 243 243 255 255 255 255 255 243 0 0 116 116 255 255 255 255 255 255 255 243 0 0 116 116 255 255 255 255 255 255 255
7 0 0 0 0 0 0 0 0 0 0 0 0 255 255 255 255 255 255 255 255 255 0 0 0 255 255 255 255 255 255 255 255 0 0 255 255 255 255 255 255 255 255 255 255 0 0 255 255 255 255 255 255 255 255 255 255 0 0 255 255 255 255 255 255 255 255 0 0 0 255 255 255 255 255 255 255 255 255 0 0 0 255 255 255 255 255 255 255 255 255 0 0 0 255 255 255 255 255 255 255 255 0 0 0 255 255 255 255 255 255 255 255 255 0 0 0 255 255 255 255 255 255 255 255 0 0 255 255 255 255 255 255 255 255 255 255 0 0 255 255 255 255 255 255 255 255 255 255 0 0 255 255 255 255 255 255 255 255 0 0 0 255 255 255 255 255 255 255 255 255 0 0 0 255 255 255 255 255 255 255 255 255 0 0 0 255 255 255 255 255 255 255
7 0 0 0 0 0 0 0 0 0 0 0 0 255 255 255 255 255 255 255 255 255 255 0 0 255 255 255 255 255 255 255 255 255 0 255 255 255 255 255 255 255 255 255 255 255 0 255 255 255 255 255 255 255 255 255 255 255 0 255 255 255 255 255 255 255 255 255 0 0 255 255 255 255 255 255 255 255 255 255 0 0 255 255 255 255 255 255 255 255 255 255 0 0 255 255 255 255 255 255 255 255 255 0 255 255 255 255 255 255 255 255 255 255 255 0 255 255 255 255 255 255 255 255 255 0 0 255 255 255 255 255 255 255 255 255 255 0 0 255 255 255 255 255 255 255 255 255 255 0 0 255 255 255 255 255 255 255 255 255 0 255 255 255 255 255 255 255 255 255 255 255 0 255 255 255 255 255 255 255 255 255 255 255 0 255 255 255 255 255 255 255 255
7 0 0 0 0 0 0 0 0 0 0 0 0 255 255 255 255 255 255 255 255 255 0 0 0 255 255 255 255 255 255 255 255 0 0 255 255 255 255 255 255 255 255 255 255 0 0 255 255 255 255 255 255 255 255 255 255 0 0 255 255 255 255 255 255 255 255 0 0 0 255 255 255 255 255 255 255 255 255 0 0 0 255 255 255 255 255 255 255 255 255 0 0 0 255 255 255 255 255 255 255 255 0 0 0 255 255 255 255 255 255 255 255 255 0 0 0 255 255 255 255 255 255 255 255 0 0 255 255 255 255 255 255 255 255 255 255 0 0 255 255 255 255 255 255 255 255 255 255 0 0 255 255 255 255 255 255 255 255 0 0 0 255 255 255 255 255 255 255 255 255 0 0 0 255 255 255 255 255 255 255 255 255 0 0 0 255 255 255 255 255 255 255
7 0 0 0 0 0 0 0 0 0 0 0 0 255 255 255 255 255 255 255 255 255 255 0 0 255 255 255 255 255 255 255 255 0 0 255 255 255 255 255 255 255 255 255 255 0 0 255 255 255 255 255 255 255 255 255 255 0 0 255 255 255 255 255 255 255 255 255 0 255 255 255 255 255 255 255 255 255 255 255 0 255 255 255 255 255 255 255 255 255 255 255 0 255 255 255 255 255 255 255 255 255 0 0 255 255 255 255 255 255 255 255 255 255 0 0 255 255 255 255 255 255 255 255 0 0 255 255 255 255 255 255 255 255 255 255 0 0 255 255 255 255 255 255 255 255 255 255 0 0 255 255 255 255 255 255 255 255 0 0 255 255 255 255 255 255 255 255 255 255 0 0 255 255 255 255 255 255 255 255 255 255 0 0 255 255 255 255 255 255 255 255 255
7 0 0 0 0 0 0 0 0 0 0 0 0 0 0 0 0 0 0 0 0 0 0 0 0 0 0 0 0 0 0 0 0 0 0 0 0 255 255 255 255 255 255 255 191 0 0 37 37 255 255 255 255 255 243 243 37 0 0 177 177 255 255 255 255 255 243 243 37 0 0 177 177 255 255 255 255 255 148 148 0 37 37 255 255 255 255 255 243 243 0 0 0 177 177 255 255 255 255 255 177 177 0 0 0 243 243 255 255 255 255 255 177 177 0 0 0 243 243 255 255 255 255 255 60 60 0 0 116 255 255 255 255 255 230 230 0 0 0 0 191 255 255 255 255 255 230 230 0 0 0 0 191 255 255 255 255 255 177 177 0 0 0 0 243 255 255 255 255 255 133 133 0 0 37 37 255 255 255 255 255 255 133 133 0 0 37 37 255 255 255 255 255
7 0 0 0 0 0 0 0 0 0 0 0 0 255 255 255 255 255 255 255 243 37 37 177 177 255 255 255 255 255 255 255 243 37 37 177 177 255 255 255 255 255 255 255 148 37 37 255 255 255 255 255 255 255 243 243 0 177 177 255 255 255 255 255 255 255 243 243 0 177 177 255 255 255 255 255 255 255 163 163 37 255 255 255 255 255 255 255 255 255 37 37 177 255 255 255 255 255 255 255 191 191 0 0 255 255 255 255 255 255 255 255 191 191 0 0 255 255 255 255 255 255 255 255 116 116 116 116 255 255 255 255 255 255 255 255 0 0 191 191 255 255 255 255 255 255 255 255 0 0 191 191 255 255 255 255 255 255 204 204 0 0 255 255 255 255 255 255 255 255 148 148 60 60 255 255 255 255 255 255 255 255 148 148 60 60 255 255 255 255 255 255 255
7 0 0 0 0 0 0 0 0 0 0 0 0 60 133 133 255 255 255 255 255 37 37 60 60 60 133 133 255 255 255 255 255 37 37 60 60 255 255 255 255 255 255 255 217 0 0 163 163 255 255 255 255 255 255 255 148 0 0 230 230 255 255 255 255 255 255 255 148 0 0 230 230 255 255 255 255 255 255 255 60 37 37 255 255 255 255 255 255 255 255 255 60 37 37 255 255 255 255 255 255 255 230 230 0 133 133 255 255 255 255 255 255 255 163 163 0 217 217 255 255 255 255 255 255 255 163 163 0 217 217 255 255 255 255 255 255 255 60 60 0 255 255 255 255 255 255 255 230 230 0 0 116 255 255 255 255 255 255 255 230 230 0 0 116 255 255 255 255 255 255 255 217 217 0 0 204 255 255 255 255 255 255 255 217 217 0 0 204 255 255 255 255
7 0 0 0 0 0 0 0 0 0 0 0 0 0 255 255 255 255 255 255 255 255 255 0 0 0 255 255 255 255 255 255 255 255 255 0 0 255 255 255 255 255 255 255 255 255 255 0 0 255 255 255 255 255 255 255 255 0 0 255 255 255 255 255 255 255 255 255 255 0 0 255 255 255 255 255 255 255 255 255 255 0 0 255 255 255 255 255 255 255 255 255 255 0 0 255 255 255 255 255 255 255 255 255 0 255 255 255 255 255 255 255 255 255 255 255 0 255 255 255 255 255 255 255 255 255 255 255 0 255 255 255 255 255 255 255 255 255 255 255 0 255 255 255 255 255 255 255 255 255 0 0 255 255 255 255 255 255 255 255 255 255 0 0 255 255 255 255 255 255 255 255 255 255 0 0 255 255 255 255 255 255 255 255 255 255 0 0 255 255 255 255 255
7 0 0 0 0 0 0 0 0 0 0 0 0 0 0 0 0 0 0 0 0 0 0 0 0 0 255 255 255 255 255 255 255 255 0 255 255 0 255 255 255 255 255 255 255 255 0 255 255 0 255 255 255 255 255 255 255 255 0 255 255 255 255 255 255 255 255 255 0 0 255 255 255 255 255 255 255 255 255 255 0 0 255 255 255 255 255 255 255 255 255 255 0 0 255 255 255 255 255 255 255 255 255 0 255 255 255 255 255 255 255 255 255 255 255 0 255 255 255 255 255 255 255 255 255 0 0 255 255 255 255 255 255 255 255 255 255 0 0 255 255 255 255 255 255 255 255 255 255 0 0 255 255 255 255 255 255 255 255 255 0 255 255 255 255 255 255 255 255 255 255 255 0 255 255 255 255 255 255 255 255 255 255 255 0 255 255 255 255 255 255 255 255
7 0 0 0 0 0 0 0 0 0 0 0 0 0 255 255 255 255 255 255 255 255 255 0 0 0 255 255 255 255 255 255 255 0 0 255 255 0 255 255 255 255 255 255 255 0 0 255 255 255 255 255 255 255 255 255 255 0 0 255 255 255 255 255 255 255 255 255 0 255 255 255 255 255 255 255 255 255 255 255 0 255 255 255 255 255 255 255 255 255 255 255 0 255 255 255 255 255 255 255 255 255 255 255 0 255 255 255 255 255 255 255 255 255 0 0 255 255 255 255 255 255 255 255 255 255 0 0 255 255 255 255 255 255 255 255 255 255 0 0 255 255 255 255 255 255 255 255 0 0 255 255 255 255 255 255 255 255 255 255 0 0 255 255 255 255 255 255 255 255 255 255 0 0 255 255 255 255 255 255 255 255 255 255 0 0 255 255 255 255 255 255 255
7 0 0 0 0 0 0 0 0 0 0 0 0 0 0 0 0 0 0 0 0 0 0 116 116 0 0 0 0 0 0 0 0 0 0 116 116 255 255 255 255 255 255 243 37 37 0 230 230 255 255 255 255 255 255 148 0 0 148 255 255 255 255 255 255 255 255 148 0 0 148 255 255 255 255 255 255 243 243 0 0 0 243 255 255 255 255 255 255 116 116 0 148 148 255 255 255 255 255 255 230 0 0 0 243 243 255 255 255 255 255 255 230 0 0 0 243 243 255 255 255 255 255 255 116 0 0 116 255 255 255 255 255 255 243 243 0 0 0 230 255 255 255 255 255 255 243 243 0 0 0 230 255 255 255 255 255 255 148 148 0 81 81 255 255 255 255 255 255 255 37 37 0 177 177 255 255 255 255 255 255 255 37 37 0 177 177 255 255 255 255 255 255
7 0 0 0 0 0 0 0 0 0 0 0 0 255 255 255 255 255 255 255 255 0 0 255 255 255 255 255 255 255 255 255 255 0 0 255 255 255 255 255 255 255 255 255 255 0 0 255 255 255 255 255 255 255 255 255 0 255 255 255 255 255 255 255 255 255 255 255 0 255 255 255 255 255 255 255 255 255 255 255 0 255 255 255 255 255 255 255 255 255 0 0 255 255 255 255 255 255 255 255 255 255 0 0 255 255 255 255 255 255 255 255 255 255 0 0 255 255 255 255 255 255 255 255 0 0 255 255 255 255 255 255 255 255 255 255 0 0 255 255 255 255 255 255 255 255 255 255 0 0 255 255 255 255 255 255 255 255 255 255 0 0 255 255 255 255 255 255 255 255 0 0 255 255 255 255 255 255 255 255 255 255 0 0 255 255 255 255 255 255 255 255 255
7 81 0 0 0 0 0 0 0 0 0 99 99 0 0 0 0 0 0 0 0 0 0 204 204 0 0 0 0 0 0 0 0 0 0 204 204 0 217 217 255 255 255 255 148 148 81 255 255 255 255 255 255 255 255 230 0 0 177 255 255 255 255 255 255 255 255 230 0 0 177 255 255 255 255 255 255 255 255 116 37 37 255 255 255 255 255 255 255 255 255 116 37 37 255 255 255 255 255 255 255 230 230 0 177 177 255 255 255 255 255 255 255 116 116 0 255 255 255 255 255 255 255 255 255 116 116 0 255 255 255 255 255 255 255 255 217 0 0 148 255 255 255 255 255 255 255 255 81 0 0 243 255 255 255 255 255 255 255 255 81 0 0 243 255 255 255 255 255 255 217 217 0 116 116 255 255 255 255 255 255 255 217 217 0 116 116 255 255 255 255 255 255
7 81 0 0 0 0 0 0 0 0 0 37 37 81 230 230 255 255 255 255 243 0 0 177 177 81 230 230 255 255 255 255 243 0 0 177 177 255 255 255 255 255 255 255 163 0 0 255 255 255 255 255 255 255 255 255 37 148 148 255 255 255 255 255 255 255 255 255 37 148 148 255 255 255 255 255 255 255 177 177 0 243 243 255 255 255 255 255 255 255 177 177 0 243 243 255 255 255 255 255 255 255 37 37 133 255 255 255 255 255 255 255 177 177 0 0 230 255 255 255 255 255 255 255 177 177 0 0 230 255 255 255 255 255 255 255 81 81 116 116 255 255 255 255 255 255 204 204 0 0 217 217 255 255 255 255 255 255 204 204 0 0 217 217 255 255 255 255 255 255 99 99 81 81 255 255 255 255 255 255 255 255 99 99 81 81 255 255 255 255 255 255 255
7 0 0 0 0 0 0 0 0 0 0 81 81 255 255 255 255 255 255 243 0 0 0 191 191 255 255 255 255 255 255 148 0 0 99 255 255 255 255 255 255 255 255 148 0 0 99 255 255 255 255 255 255 243 243 0 0 0 230 255 255 255 255 255 255 148 148 0 148 148 255 255 255 255 255 255 230 0 0 37 255 255 255 255 255 255 255 255 230 0 0 37 255 255 255 255 255 255 255 255 116 0 0 177 255 255 255 255 255 255 230 230 0 37 37 255 255 255 255 255 255 255 116 116 0 177 177 255 255 255 255 255 255 255 116 116 0 177 177 255 255 255 255 255 255 243 0 0 0 243 243 255 255 255 255 255 255 177 0 0 99 255 255 255 255 255 255 255 255 148 0 0 148 255 255 255 255 255 255 255 255 148 0 0 148 255 255 255 255 255 255 255 255
7 0 0 0 0 0 0 0 0 0 0 0 0 255 255 255 255 255 255 255 255 255 255 0 0 255 255 255 255 255 255 255 255 0 0 255 255 255 255 255 255 255 255 255 255 0 0 255 255 255 255 255 255 255 255 255 0 255 255 255 255 255 255 255 255 255 255 255 0 255 255 255 255 255 255 255 255 255 0 0 255 255 255 255 255 255 255 255 255 255 0 0 255 255 255 255 255 255 255 255 255 255 0 0 255 255 255 255 255 255 255 255 0 0 255 255 255 255 255 255 255 255 255 255 0 0 255 255 255 255 255 255 255 255 255 255 0 0 255 255 255 255 255 255 255 255 255 255 0 0 255 255 255 255 255 255 255 255 0 0 255 255 255 255 255 255 255 255 255 255 0 0 255 255 255 255 255 255 255 255 255 255 0 0 255 255 255 255 255 255 255 255 255
7 0 0 0 0 0 0 0 0 0 0 0 0 255 255 255 255 255 255 255 0 0 0 0 0 255 255 255 255 255 255 255 0 0 0 0 0 255 255 255 255 255 255 0 0 0 0 255 255 255 255 255 255 255 255 0 0 0 255 255 255 255 255 255 255 255 255 0 0 0 255 255 255 255 255 255 255 0 0 0 0 0 255 255 255 255 255 255 255 0 0 0 0 0 255 255 255 255 255 255 255 0 0 0 255 255 255 255 255 255 255 255 255 0 0 0 255 255 255 255 255 255 255 255 0 0 0 0 255 255 255 255 255 255 255 255 0 0 0 0 255 255 255 255 255 255 255 255 0 0 0 0 255 255 255 255 255 255 255 255 0 0 0 0 255 255 255 255 255 255 255 255 0 0 0 0 255 255 255 255 255 255 255 255 0 0 0 0 255 255 255 255 255
7 0 0 0 0 0 0 0 0 0 0 0 0 255 255 255 255 255 255 255 255 0 0 0 0 255 255 255 255 255 255 255 255 0 0 0 0 255 255 255 255 255 255 255 0 0 0 255 255 255 255 255 255 255 255 255 0 255 255 255 255 255 255 255 255 255 255 255 0 255 255 255 255 255 255 255 255 255 0 0 0 255 255 255 255 255 255 255 255 255 0 0 0 255 255 255 255 255 255 255 255 255 0 0 255 255 255 255 255 255 255 255 255 255 0 0 255 255 255 255 255 255 255 255 0 0 0 0 255 255 255 255 255 255 255 255 0 0 0 0 255 255 255 255 255 255 255 255 0 0 0 0 255 255 255 255 255 255 255 255 0 0 0 0 255 255 255 255 255 255 255 255 0 0 0 0 255 255 255 255 255 255 255 255 0 0 0 0 255 255 255 255 255
7 0 0 0 0 0 0 0 0 0 0 0 0 0 0 0 0 0 0 0 0 0 0 0 0 0 0 0 0 0 0 0 0 0 0 0 0 0 81 81 255 255 191 191 0 0 37 37 0 0 81 81 255 255 116 116 0 0 116 116 0 0 81 81 255 255 116 116 0 0 116 116 0 255 255 255 255 255 37 37 0 0 177 177 0 255 255 255 217 217 0 0 0 0 230 230 0 255 255 255 163 163 0 0 37 37 255 255 0 255 255 255 163 163 0 0 37 37 255 255 0 255 255 255 99 99 0 0 133 133 255 255 0 255 255 255 0 0 0 0 191 191 255 255 0 255 255 255 0 0 0 0 191 191 255 255 0 255 204 204 0 0 0 0 243 243 255 255 0 255 133 133 0 0 60 60 255 255 255 255 0 255 133 133 0 0 60 60 255 255 255 255 0
7 0 0 0 0 0 0 0 0 0 0 0 0 0 0 0 0 0 0 0 0 0 0 0 0 0 0 0 0 0 0 0 0 0 0 0 0 0 148 148 255 255 255 255 60 60 37 37 0 0 148 148 255 255 230 230 0 0 133 133 0 0 148 148 255 255 230 230 0 0 133 133 0 255 255 255 255 255 163 163 0 0 217 217 0 255 255 255 255 255 60 60 37 37 255 255 0 255 255 255 230 230 0 0 133 133 255 255 0 255 255 255 230 230 0 0 133 133 255 255 0 255 255 255 163 163 0 0 217 217 255 255 0 255 255 255 60 60 37 37 255 255 255 255 0 255 255 255 60 60 37 37 255 255 255 255 0 255 230 230 0 0 116 116 255 255 255 255 0 255 163 163 0 0 191 191 255 255 255 255 0 255 163 163 0 0 191 191 255 255 255 255 0
7 0 0 0 0 0 0 0 0 0 0 116 116 0 0 0 0 0 0 0 0 0 0 148 148 0 0 0 0 0 0 0 0 0 99 255 255 0 0 0 0 0 0 0 0 0 99 255 255 255 255 255 255 255 217 0 0 37 243 255 255 255 255 255 255 255 60 0 0 204 255 255 255 255 255 255 255 177 0 81 81 255 255 255 255 255 255 255 255 177 0 81 81 255 255 255 255 255 255 255 255 37 0 204 204 255 255 255 255 255 255 177 177 0 37 255 255 255 255 255 255 255 255 60 60 0 177 255 255 255 255 255 255 255 255 60 60 0 177 255 255 255 255 255 255 255 204 0 0 0 243 255 255 255 255 255 255 255 99 0 0 116 255 255 255 255 255 255 255 255 116 0 0 230 255 255 255 255 255 255 255 255 116 0 0 230 255 255 255 255 255 255 255
7 0 0 0 0 0 0 0 0 0 0 0 0 81 60 60 0 0 0 0 0 0 0 0 0 255 255 255 255 255 255 255 177 177 0 148 148 255 255 255 255 255 255 255 177 177 0 148 148 255 255 255 255 255 255 230 0 0 148 255 255 255 255 255 255 255 255 81 37 37 255 255 255 255 255 255 255 204 204 0 133 133 255 255 255 255 255 255 255 204 204 0 133 133 255 255 255 255 255 255 255 99 99 0 230 230 255 255 255 255 255 255 230 0 0 116 255 255 255 255 255 255 255 255 148 0 0 230 255 255 255 255 255 255 255 255 148 0 0 230 255 255 255 255 255 255 255 255 37 81 81 255 255 255 255 255 255 255 177 177 0 191 191 255 255 255 255 255 255 255 99 99 60 255 255 255 255 255 255 255 255 255 99 99 60 255 255 255 255 255 255 255 255
7 0 0 0 0 0 0 0 0 0 0 0 0 255 255 255 255 255 255 255 255 255 0 0 0 255 255 255 255 255 255 255 255 255 0 0 0 255 255 255 255 255 255 255 255 255 0 0 0 255 255 255 255 255 255 255 0 0 0 255 255 255 255 255 255 255 255 255 0 0 0 255 255 255 255 255 255 255 255 255 0 0 0 255 255 255 255 255 255 255 255 255 0 0 0 255 255 255 255 255 255 255 255 0 0 0 255 255 255 255 255 255 255 255 255 0 0 0 255 255 255 255 255 255 255 255 255 0 0 0 255 255 255 255 255 255 255 255 255 0 0 0 255 255 255 255 255 255 255 0 0 0 255 255 255 255 255 255 255 255 255 0 0 0 255 255 255 255 255 255 255 255 255 0 0 0 255 255 255 255 255 255 255 255 255 0 0 0 255 255 255 255 255
7 0 0 0 0 0 0 0 0 0 0 0 0 255 255 255 255 255 255 255 255 255 255 0 0 255 255 255 255 255 255 255 255 255 255 0 0 255 255 255 255 255 255 255 255 255 255 0 0 255 255 255 255 255 255 255 255 0 0 255 255 255 255 255 255 255 255 255 255 0 0 255 255 255 255 255 255 255 255 255 255 0 0 255 255 255 255 255 255 255 255 255 255 0 0 255 255 255 255 255 255 255 255 255 0 255 255 255 255 255 255 255 255 255 255 255 0 255 255 255 255 255 255 255 255 255 255 255 0 255 255 255 255 255 255 255 255 255 255 255 0 255 255 255 255 255 255 255 255 255 0 0 255 255 255 255 255 255 255 255 255 255 0 0 255 255 255 255 255 255 255 255 255 255 0 0 255 255 255 255 255 255 255 255 255 255 0 0 255 255 255 255 255
7 0 0 0 0 0 0 0 0 0 0 0 0 255 255 255 255 255 255 255 0 0 99 99 0 255 255 255 255 255 255 255 0 0 99 99 0 255 255 255 255 255 177 177 0 0 177 177 0 255 255 255 255 255 37 37 37 37 255 255 0 255 255 255 255 255 37 37 37 37 255 255 0 255 255 255 148 148 0 0 177 177 255 255 0 255 255 255 148 148 0 0 177 177 255 255 0 255 230 230 0 0 37 37 255 255 255 255 0 255 116 116 0 0 204 204 255 255 255 255 0 255 116 116 0 0 204 204 255 255 255 255 0 204 0 0 81 81 255 255 255 255 255 255 0 99 0 0 191 191 255 255 255 255 255 255 0 99 0 0 191 191 255 255 255 255 255 255 0 0 0 0 255 255 255 255 255 255 255 255 0 0 0 0 255 255 255 255 255 255 255 255 0
7 0 0 0 0 0 0 0 0 0 81 81 0 255 255 255 255 255 255 255 177 177 116 116 0 255 255 255 255 255 255 255 177 177 116 116 0 255 255 255 255 255 255 255 81 81 204 204 0 255 255 255 255 255 204 204 37 37 255 255 0 255 255 255 255 255 204 204 37 37 255 255 0 255 255 255 255 255 60 60 177 177 255 255 0 255 255 255 255 255 60 60 177 177 255 255 0 255 255 255 163 163 81 81 255 255 255 255 0 255 243 243 0 0 204 204 255 255 255 255 0 255 243 243 0 0 204 204 255 255 255 255 0 255 99 99 99 99 255 255 255 255 255 255 0 204 0 0 230 230 255 255 255 255 255 255 0 204 0 0 230 230 255 255 255 255 255 255 0 116 99 99 255 255 255 255 255 255 255 255 0 116 99 99 255 255 255 255 255 255 255 255 0
7 0 0 0 0 0 0 0 0 0 0 0 0 255 255 255 255 255 230 230 0 0 81 81 0 255 255 255 255 255 230 230 0 0 81 81 0 255 255 255 255 255 116 116 0 0 177 177 0 255 255 255 243 243 0 0 37 37 255 255 0 255 255 255 243 243 0 0 37 37 255 255 0 255 255 255 148 148 0 0 177 177 255 255 0 255 255 255 148 148 0 0 177 177 255 255 0 255 243 243 0 0 37 37 255 255 255 255 0 255 148 148 0 0 163 163 255 255 255 255 0 255 148 148 0 0 163 163 255 255 255 255 0 255 37 37 0 0 243 243 255 255 255 255 0 177 0 0 148 148 255 255 255 255 255 255 0 177 0 0 148 148 255 255 255 255 255 255 0 37 0 0 243 243 255 255 255 255 255 255 0 37 0 0 243 243 255 255 255 255 255 255 0
7 81 0 0 0 0 0 0 0 0 0 0 0 255 255 255 255 255 255 255 217 217 0 0 0 255 255 255 255 255 255 255 217 217 0 0 0 255 255 255 255 255 255 255 116 116 116 116 0 255 255 255 255 255 230 230 0 0 230 230 0 255 255 255 255 255 230 230 0 0 230 230 0 255 255 255 255 255 116 116 116 116 255 255 0 255 255 255 255 255 116 116 116 116 255 255 0 255 255 255 243 243 0 0 204 204 255 255 0 255 255 255 148 148 81 81 255 255 255 255 0 255 255 255 148 148 81 81 255 255 255 255 0 255 243 243 0 0 204 204 255 255 255 255 0 255 163 163 37 37 255 255 255 255 255 255 0 255 163 163 37 37 255 255 255 255 255 255 0 255 37 37 177 177 255 255 255 255 255 255 0 255 37 37 177 177 255 255 255 255 255 255 0
7 81 0 0 0 0 0 0 0 0 0 0 0 81 0 0 0 0 0 0 0 0 0 0 0 81 0 0 0 0 0 0 0 0 0 0 0 81 217 217 255 255 255 255 255 217 217 81 81 148 255 255 255 255 255 255 255 81 81 204 204 148 255 255 255 255 255 255 255 81 81 204 204 255 255 255 255 255 255 255 163 81 81 255 255 255 255 255 255 255 255 255 163 81 81 255 255 255 255 255 255 255 243 243 0 204 204 255 255 255 255 255 255 255 116 116 81 255 255 255 255 255 255 255 255 255 116 116 81 255 255 255 255 255 255 255 204 204 0 0 191 255 255 255 255 255 255 255 60 60 37 37 255 255 255 255 255 255 255 255 60 60 37 37 255 255 255 255 255 255 163 163 0 0 133 133 255 255 255 255 255 255 163 163 0 0 133 133 255 255 255 255 255
7 0 0 0 0 0 0 0 0 0 0 0 0 217 255 255 255 255 255 255 255 255 60 60 0 217 255 255 255 255 255 255 255 255 60 60 0 255 255 255 255 255 255 255 177 177 133 133 0 255 255 255 255 255 255 255 60 60 230 230 0 255 255 255 255 255 255 255 60 60 230 230 0 255 255 255 255 255 204 204 99 99 255 255 0 255 255 255 255 255 81 81 191 191 255 255 0 255 255 255 217 217 0 0 255 255 255 255 0 255 255 255 217 217 0 0 255 255 255 255 0 255 255 255 116 116 133 133 255 255 255 255 0 255 230 230 0 0 217 217 255 255 255 255 0 255 230 230 0 0 217 217 255 255 255 255 0 255 133 133 37 37 255 255 255 255 255 255 0 243 0 0 133 133 255 255 255 255 255 255 0 243 0 0 133 133 255 255 255 255 255 255 0
8 255 133 133 0 0 0 0 37 148 148 255 255 133 0 0 0 0 0 0 0 0 0 148 148 0 0 0 133 133 255 255 99 0 0 37 37 0 0 0 133 133 255 255 99 0 0 37 37 0 0 0 204 204 255 255 204 0 0 0 0 81 0 0 163 163 255 255 99 0 0 99 99 217 37 37 0 0 0 0 0 81 81 243 243 217 37 37 0 0 0 0 0 81 81 243 243 177 0 0 0 0 0 0 0 37 37 217 217 0 0 0 191 191 255 255 148 0 0 0 0 0 0 0 255 255 255 255 255 0 0 0 0 0 0 0 255 255 255 255 255 0 0 0 0 0 0 0 177 177 255 255 148 0 0 0 0 81 0 0 0 0 0 0 0 0 0 133 133 243 133 133 0 0 0 0 0 148 148 255 255 243 133 133 0 0 0 0 0 148 148 255 255
8 255 255 255 0 0 0 0 0 255 255 255 255 255 0 0 255 255 255 255 255 0 0 255 255 0 255 255 255 255 255 255 255 255 255 0 0 0 255 255 255 255 255 255 255 255 255 0 0 0 255 255 255 255 255 255 255 255 255 0 0 255 0 0 255 255 255 255 255 0 0 255 255 255 255 255 0 0 0 0 0 255 255 255 255 255 255 255 0 0 0 0 0 255 255 255 255 255 0 0 255 255 255 255 255 0 0 255 255 0 255 255 255 255 255 255 255 255 255 0 0 0 255 255 255 255 255 255 255 255 255 0 0 0 255 255 255 255 255 255 255 255 255 0 0 0 255 255 255 255 255 255 255 255 255 0 0 255 0 0 255 255 255 255 255 0 0 255 255 255 255 255 0 0 0 0 0 255 255 255 255 255 255 255 0 0 0 0 0 255 255 255 255
8 217 99 99 0 0 0 0 37 177 177 255 255 0 0 0 0 0 0 0 0 0 0 217 217 0 0 0 0 0 0 0 0 0 0 217 217 0 37 37 243 243 243 243 60 0 0 191 191 0 0 0 204 204 230 230 37 0 0 243 243 0 0 0 204 204 230 230 37 0 0 243 243 217 37 37 0 0 0 0 0 217 217 255 255 217 37 37 0 0 0 0 0 217 217 255 255 177 0 0 37 37 37 37 0 81 81 243 243 0 99 99 255 255 255 255 99 0 0 148 148 0 99 99 255 255 255 255 99 0 0 148 148 0 99 99 243 243 255 255 116 0 0 99 99 0 0 0 0 0 0 0 0 0 0 177 177 0 0 0 0 0 0 0 0 0 0 177 177 163 60 60 0 0 0 0 60 163 163 255 255 163 60 60 0 0 0 0 60 163 163 255 255
8 230 99 99 0 0 0 0 60 60 217 217 0 81 99 99 243 243 243 243 116 116 0 0 0 81 99 99 243 243 243 243 116 116 0 0 0 0 191 191 255 255 255 255 204 204 0 0 0 81 60 60 230 230 243 243 60 60 99 99 0 81 60 60 230 230 243 243 60 60 99 99 0 243 116 116 0 0 37 37 116 116 255 255 0 243 116 116 0 0 37 37 116 116 255 255 0 217 37 37 116 116 116 116 0 0 177 177 0 0 177 177 255 255 255 255 177 177 0 0 0 0 177 177 255 255 255 255 177 177 0 0 0 0 255 255 255 255 255 255 255 255 0 0 0 0 148 148 255 255 255 255 163 163 0 0 0 0 148 148 255 255 255 255 163 163 0 0 0 191 60 60 0 0 0 0 60 60 191 191 0 191 60 60 0 0 0 0 60 60 191 191 0
8 217 99 99 0 0 0 0 60 60 217 217 0 37 0 0 204 204 243 243 60 60 0 0 0 37 0 0 204 204 243 243 60 60 0 0 0 0 0 0 243 243 255 255 148 148 0 0 0 0 0 0 116 116 255 255 116 116 0 0 0 0 0 0 116 116 255 255 116 116 0 0 0 116 0 0 0 0 37 37 60 60 217 217 0 243 60 60 0 0 0 0 0 0 177 177 0 243 177 177 217 217 60 60 0 0 0 0 0 243 177 177 217 217 60 60 0 0 0 0 0 0 177 177 255 255 230 230 0 0 0 0 0 0 191 191 255 255 255 255 81 81 0 0 0 0 191 191 255 255 255 255 81 81 0 0 0 0 99 99 243 243 217 217 0 0 0 0 0 191 60 60 0 0 0 0 99 99 217 217 0 191 60 60 0 0 0 0 99 99 217 217 0
8 255 0 0 0 0 0 0 0 0 255 255 0 0 255 255 255 255 255 255 255 255 0 0 0 0 255 255 255 255 255 255 255 255 0 0 0 0 255 255 255 255 255 255 255 255 0 0 0 0 255 255 255 255 255 255 255 255 0 0 0 0 255 255 255 255 255 255 255 255 0 0 0 255 0 0 255 255 255 255 0 0 255 255 0 255 255 255 0 0 0 0 255 255 255 255 0 255 0 0 255 255 255 255 0 0 255 255 0 255 0 0 255 255 255 255 0 0 255 255 0 0 255 255 255 255 255 255 255 255 0 0 0 0 255 255 255 255 255 255 255 255 0 0 0 0 255 255 255 255 255 255 255 255 0 0 0 0 255 255 255 255 255 255 255 255 0 0 0 255 0 0 0 0 0 0 0 0 255 255 0 255 0 0 0 0 0 0 0 0 255 255 0
8 217 99 99 0 0 0 0 37 133 133 243 243 37 0 0 0 0 0 0 0 0 0 148 148 37 0 0 0 0 0 0 0 0 0 148 148 0 60 60 243 243 255 255 191 0 0 99 99 0 0 0 177 177 243 243 99 0 0 191 191 0 0 0 177 177 243 243 99 0 0 191 191 217 37 37 0 0 0 0 0 177 177 255 255 217 37 37 0 0 0 0 0 177 177 255 255 177 0 0 0 0 37 37 0 0 0 217 217 0 37 37 243 243 255 255 116 0 0 99 99 0 37 37 243 243 255 255 116 0 0 99 99 0 99 99 255 255 255 255 177 0 0 81 81 0 0 0 0 0 0 0 0 0 0 133 133 0 0 0 0 0 0 0 0 0 0 133 133 191 60 60 0 0 0 0 37 148 148 255 255 191 60 60 0 0 0 0 37 148 148 255 255
8 217 99 99 0 0 0 0 37 148 148 255 255 37 116 116 243 243 255 255 204 0 0 177 177 37 116 116 243 243 255 255 204 0 0 177 177 0 177 177 255 255 255 255 255 0 0 163 163 133 0 0 177 177 230 230 99 60 60 243 243 133 0 0 177 177 230 230 99 60 60 243 243 255 116 116 0 0 0 0 37 230 230 255 255 255 116 116 0 0 0 0 37 230 230 255 255 148 0 0 191 191 204 204 60 60 60 243 243 0 177 177 255 255 255 255 243 0 0 133 133 0 177 177 255 255 255 255 243 0 0 133 133 0 204 204 255 255 255 255 255 60 60 99 99 0 116 116 243 243 255 255 163 0 0 191 191 0 116 116 243 243 255 255 163 0 0 191 191 217 60 60 0 0 0 0 60 191 191 255 255 217 60 60 0 0 0 0 60 191 191 255 255
8 255 255 0 0 0 0 0 0 0 255 255 255 255 0 0 0 255 255 255 255 0 0 255 255 0 0 255 255 255 255 255 255 255 0 0 0 0 0 255 255 255 255 255 255 255 0 0 0 0 0 255 255 255 255 255 255 255 0 0 0 255 0 0 0 255 255 255 255 0 0 255 255 255 255 0 0 0 0 0 0 0 255 255 255 255 255 0 0 0 0 0 0 0 255 255 255 255 0 0 0 255 255 255 255 0 0 255 255 0 0 255 255 255 255 255 255 255 0 0 0 0 0 255 255 255 255 255 255 255 0 0 0 0 0 255 255 255 255 255 255 255 0 0 0 0 0 255 255 255 255 255 255 255 0 0 0 255 0 0 0 255 255 255 255 0 0 255 255 255 255 0 0 0 0 0 0 0 255 255 255 255 255 0 0 0 0 0 0 0 255 255 255
8 255 255 255 0 0 0 0 0 0 255 255 255 255 0 0 255 255 255 255 255 255 0 255 255 0 255 255 255 255 255 255 255 255 255 0 0 0 255 255 255 255 255 255 255 255 255 0 0 0 255 255 255 255 255 255 255 255 255 0 0 255 0 0 255 255 255 255 255 255 0 255 255 255 255 255 0 0 0 0 0 0 255 255 255 255 255 255 0 0 0 0 0 0 255 255 255 255 0 0 255 255 255 255 255 255 0 255 255 0 255 255 255 255 255 255 255 255 255 0 0 0 255 255 255 255 255 255 255 255 255 0 0 0 255 255 255 255 255 255 255 255 255 0 0 0 255 255 255 255 255 255 255 255 255 0 0 255 0 0 255 255 255 255 255 255 0 255 255 255 255 255 0 0 0 0 0 0 255 255 255 255 255 255 0 0 0 0 0 0 255 255 255
8 255 255 0 0 0 0 0 0 0 255 255 255 255 0 0 0 255 255 255 255 0 0 255 255 0 0 255 255 255 255 255 255 255 0 0 0 0 0 255 255 255 255 255 255 255 0 0 0 0 0 255 255 255 255 255 255 255 0 0 0 255 0 0 0 255 255 255 255 0 0 255 255 255 255 0 0 0 0 0 0 0 255 255 255 255 255 0 0 0 0 0 0 0 255 255 255 255 0 0 0 255 255 255 255 0 0 255 255 0 0 255 255 255 255 255 255 255 0 0 0 0 0 255 255 255 255 255 255 255 0 0 0 0 0 255 255 255 255 255 255 255 0 0 0 0 0 255 255 255 255 255 255 255 0 0 0 255 0 0 0 255 255 255 255 0 0 255 255 255 255 0 0 0 0 0 0 0 255 255 255 255 255 0 0 0 0 0 0 0 255 255 255
8 255 255 255 0 0 0 0 0 0 255 255 255 255 0 0 255 255 255 255 255 255 0 255 255 0 255 255 255 255 255 255 255 255 255 0 0 0 255 255 255 255 255 255 255 255 255 0 0 0 255 255 255 255 255 255 255 255 255 0 0 255 0 0 255 255 255 255 255 255 0 255 255 255 255 255 0 0 0 0 0 0 255 255 255 255 255 255 0 0 0 0 0 0 255 255 255 255 0 0 255 255 255 255 255 255 0 255 255 0 255 255 255 255 255 255 255 255 255 0 0 0 255 255 255 255 255 255 255 255 255 0 0 0 255 255 255 255 255 255 255 255 255 0 0 0 255 255 255 255 255 255 255 255 255 0 0 255 0 0 255 255 255 255 255 255 0 255 255 255 255 255 0 0 0 0 0 0 255 255 255 255 255 255 0 0 0 0 0 0 255 255 255
8 255 148 148 37 37 0 0 0 116 116 243 243 133 0 0 0 0 0 0 0 0 0 60 60 133 0 0 0 0 0 0 0 0 0 60 60 0 0 0 99 99 255 255 191 0 0 0 0 37 0 0 148 148 255 255 243 0 0 0 0 37 0 0 148 148 255 255 243 0 0 0 0 204 0 0 0 0 116 116 37 0 0 177 177 243 81 81 0 0 0 0 0 60 60 217 217 60 0 0 99 99 204 204 148 0 0 0 0 60 0 0 99 99 204 204 148 0 0 0 0 0 0 0 204 204 255 255 255 81 81 0 0 0 0 0 148 148 255 255 217 0 0 0 0 0 0 0 148 148 255 255 217 0 0 0 0 60 0 0 0 0 0 0 0 0 0 0 0 243 116 116 0 0 0 0 0 99 99 217 217 243 116 116 0 0 0 0 0 99 99 217 217
8 255 148 148 37 37 0 0 60 204 204 255 255 177 0 0 204 204 255 255 163 0 0 230 230 177 0 0 204 204 255 255 163 0 0 230 230 81 133 133 255 255 255 255 255 37 37 148 148 81 133 133 255 255 255 255 255 37 37 163 163 81 133 133 255 255 255 255 255 37 37 163 163 191 0 0 204 204 255 255 148 0 0 243 243 255 99 99 0 0 0 0 0 177 177 255 255 81 60 60 230 230 255 255 204 0 0 177 177 81 60 60 230 230 255 255 204 0 0 177 177 0 230 230 255 255 255 255 255 148 148 0 0 0 230 230 255 255 255 255 255 148 148 0 0 0 230 230 255 255 255 255 255 148 148 0 0 60 81 81 230 230 255 255 204 0 0 133 133 243 116 116 0 0 0 0 37 148 148 255 255 243 116 116 0 0 0 0 37 148 148 255 255
8 255 148 148 37 37 0 0 0 116 116 243 243 133 0 0 204 204 255 255 217 0 0 81 81 133 0 0 204 204 255 255 217 0 0 81 81 0 81 81 255 255 255 255 255 148 148 0 0 116 0 0 204 204 255 255 217 0 0 60 60 116 0 0 204 204 255 255 217 0 0 60 60 230 0 0 0 0 0 0 0 0 0 230 230 230 0 0 0 0 0 0 0 0 0 230 230 133 0 0 163 163 255 255 177 0 0 81 81 0 60 60 255 255 255 255 255 99 99 0 0 0 60 60 255 255 255 255 255 99 99 0 0 37 81 81 255 255 255 255 255 133 133 0 0 148 0 0 204 204 255 255 217 0 0 116 116 148 0 0 204 204 255 255 217 0 0 116 116 255 148 148 37 37 0 0 0 148 148 243 243 255 148 148 37 37 0 0 0 148 148 243 243
8 255 0 0 0 0 0 0 0 0 255 255 0 0 255 255 255 255 255 255 255 255 0 0 0 0 255 255 255 255 255 255 255 255 0 0 0 0 255 255 255 255 255 255 255 255 0 0 0 0 255 255 255 255 255 255 255 255 0 0 0 0 255 255 255 255 255 255 255 255 0 0 0 255 0 0 0 0 0 0 0 0 255 255 0 255 0 0 0 0 0 0 0 0 255 255 0 0 255 255 255 255 255 255 255 255 0 0 0 0 255 255 255 255 255 255 255 255 0 0 0 0 255 255 255 255 255 255 255 255 0 0 0 0 255 255 255 255 255 255 255 255 0 0 0 0 255 255 255 255 255 255 255 255 0 0 0 0 255 255 255 255 255 255 255 255 0 0 0 255 0 0 0 0 0 0 0 0 255 255 0 255 0 0 0 0 0 0 0 0 255 255 0
8 255 255 255 0 0 0 0 0 0 255 255 255 255 0 0 0 255 255 255 0 0 0 255 255 255 0 0 0 255 255 255 0 0 0 255 255 0 0 0 255 255 255 255 255 255 0 0 0 0 0 0 255 255 255 255 255 255 0 0 0 0 0 0 255 255 255 255 255 255 0 0 0 255 0 0 0 0 0 255 255 255 0 255 255 255 255 255 0 0 0 0 0 0 255 255 255 255 0 0 255 255 255 0 0 0 0 255 255 255 0 0 255 255 255 0 0 0 0 255 255 0 0 0 255 255 255 255 255 255 0 0 0 0 0 0 255 255 255 255 255 255 0 0 0 0 0 0 255 255 255 255 255 255 0 0 0 255 0 0 0 255 255 255 0 0 0 255 255 255 255 255 0 0 0 0 0 0 255 255 255 255 255 255 0 0 0 0 0 0 255 255 255
8 255 255 255 0 0 0 0 0 255 255 255 255 255 0 0 255 255 255 255 255 0 0 255 255 255 0 0 255 255 255 255 255 0 0 255 255 0 255 255 255 255 255 255 255 255 255 0 0 0 255 255 255 255 255 255 255 255 255 0 0 0 255 255 255 255 255 255 255 255 255 0 0 255 0 0 255 255 255 255 255 0 0 255 255 255 255 255 0 0 0 0 0 255 255 255 255 255 0 0 255 255 255 255 255 0 0 255 255 255 0 0 255 255 255 255 255 0 0 255 255 0 255 255 255 255 255 255 255 255 255 0 0 0 255 255 255 255 255 255 255 255 255 0 0 0 255 255 255 255 255 255 255 255 255 0 0 255 0 0 255 255 255 255 255 0 0 255 255 255 255 255 0 0 0 0 0 255 255 255 255 255 255 255 0 0 0 0 0 255 255 255 255
8 255 191 191 37 37 0 0 0 99 99 243 243 191 0 0 0 0 0 0 0 0 0 81 81 191 0 0 0 0 0 0 0 0 0 81 81 148 0 0 116 116 255 255 217 0 0 0 0 163 0 0 99 99 255 255 217 0 0 37 37 163 0 0 99 99 255 255 217 0 0 37 37 243 60 60 0 0 81 81 0 0 0 204 204 243 81 81 0 0 37 37 0 37 37 217 217 116 0 0 163 163 255 255 177 0 0 0 0 116 0 0 163 163 255 255 177 0 0 0 0 0 0 0 255 255 255 255 255 133 133 0 0 0 0 0 163 163 255 255 230 37 37 0 0 0 0 0 163 163 255 255 230 37 37 0 0 116 0 0 0 0 0 0 0 0 0 0 0 243 133 133 37 37 0 0 0 99 99 217 217 243 133 133 37 37 0 0 0 99 99 217 217
8 255 0 0 0 0 0 0 0 0 255 255 0 0 255 255 255 255 255 255 255 255 0 0 0 0 255 255 255 255 255 255 255 255 0 0 0 0 255 255 255 255 255 255 255 255 0 0 0 0 255 255 255 255 255 255 255 255 0 0 0 0 255 255 255 255 255 255 255 255 0 0 0 255 0 0 0 0 255 255 0 0 255 255 0 255 0 0 255 255 0 0 0 0 255 255 0 0 255 255 255 255 255 255 255 255 0 0 0 0 255 255 255 255 255 255 255 255 0 0 0 0 255 255 255 255 255 255 255 255 0 0 0 0 255 255 255 255 255 255 255 255 0 0 0 0 255 255 255 255 255 255 255 255 0 0 0 0 255 255 255 255 255 255 255 255 0 0 0 255 0 0 0 0 0 0 0 0 255 255 0 255 0 0 0 0 0 0 0 0 255 255 0
8 243 116 116 37 0 0 0 37 37 148 255 255 60 0 0 133 255 255 230 37 37 0 148 148 60 0 0 133 255 255 230 37 37 0 148 148 0 0 0 204 255 255 255 81 81 0 99 99 60 0 0 116 255 255 230 37 37 0 204 204 60 0 0 116 255 255 230 37 37 0 204 204 243 81 81 0 0 0 0 0 0 177 255 255 243 81 81 0 0 0 0 0 0 177 255 255 116 0 0 116 255 255 217 0 0 0 191 191 0 0 0 204 255 255 255 81 81 0 99 99 0 0 0 204 255 255 255 81 81 0 99 99 0 0 0 204 255 255 255 81 81 0 99 99 60 0 0 116 255 255 217 0 0 0 191 191 60 0 0 116 255 255 217 0 0 0 191 191 243 116 116 0 0 0 0 99 99 204 255 255 243 116 116 0 0 0 0 99 99 204 255 255
8 243 116 116 0 0 0 0 0 116 116 243 243 81 81 81 230 230 255 255 204 37 37 116 116 81 81 81 230 230 255 255 204 37 37 116 116 0 191 191 255 255 255 255 255 148 148 81 81 81 60 60 230 230 255 255 230 37 37 191 191 81 60 60 230 230 255 255 230 37 37 191 191 255 99 99 0 0 0 0 0 177 177 255 255 255 99 99 0 0 0 0 0 177 177 255 255 163 60 60 230 230 255 255 204 0 0 148 148 0 204 204 255 255 255 255 255 133 133 0 0 0 204 204 255 255 255 255 255 133 133 0 0 0 191 191 255 255 255 255 255 133 133 0 0 81 60 60 230 230 255 255 204 0 0 133 133 81 60 60 230 230 255 255 204 0 0 133 133 243 116 116 0 0 0 0 37 148 148 255 255 243 116 116 0 0 0 0 37 148 148 255 255
8 255 191 191 37 37 37 37 37 37 133 243 243 204 0 0 0 230 230 243 37 37 0 148 148 148 0 0 81 255 255 255 81 81 0 81 81 148 0 0 81 255 255 255 81 81 0 81 81 148 0 0 0 230 230 255 37 37 0 163 163 230 0 0 0 37 37 99 0 0 60 243 243 255 163 163 0 0 0 0 0 0 243 255 255 255 163 163 0 0 0 0 0 0 243 255 255 177 0 0 37 163 163 0 0 0 0 217 217 0 0 0 163 255 255 217 0 0 0 37 37 0 0 0 204 255 255 255 133 133 0 0 0 0 0 0 204 255 255 255 133 133 0 0 0 0 0 0 177 255 255 255 148 148 0 0 0 81 0 0 37 243 243 243 37 37 0 133 133 243 116 116 0 60 60 0 81 81 163 255 255 243 116 116 0 60 60 0 81 81 163 255 255
8 255 0 0 0 0 0 0 0 0 0 255 255 0 255 255 255 255 255 255 255 255 255 0 0 0 255 255 255 255 255 255 255 255 255 0 0 0 255 255 255 255 255 255 255 255 255 0 0 0 255 255 255 255 255 255 255 255 255 0 0 255 0 0 255 255 255 255 0 0 0 255 255 255 255 255 0 0 0 0 255 255 255 255 255 255 255 255 0 0 0 0 255 255 255 255 255 255 0 0 255 255 255 255 0 0 0 255 255 0 255 255 255 255 255 255 255 0 0 255 255 0 255 255 255 255 255 255 255 255 255 0 0 0 255 255 255 255 255 255 255 255 255 0 0 0 255 255 255 255 255 255 255 255 255 0 0 0 255 255 255 255 255 255 255 0 0 255 255 255 0 0 0 0 0 0 0 255 255 255 255 255 0 0 0 0 0 0 0 255 255 255 255
8 255 0 0 0 0 0 0 0 0 0 255 255 0 0 0 0 255 255 255 0 0 0 0 0 0 0 0 0 255 255 255 0 0 0 0 0 0 0 0 0 255 255 255 0 0 0 0 0 0 0 0 0 255 255 255 0 0 0 0 0 0 0 0 0 255 255 255 0 0 0 0 0 0 0 0 0 0 0 255 0 0 0 0 0 255 0 0 0 0 0 0 0 0 0 255 255 0 0 0 0 0 0 0 0 0 0 0 0 0 0 0 0 0 0 0 0 0 0 0 0 0 0 0 0 255 255 255 0 0 0 0 0 0 0 0 0 255 255 255 0 0 0 0 0 0 0 0 0 255 255 255 0 0 0 0 0 0 0 0 0 255 255 255 0 0 0 0 0 255 0 0 0 0 0 0 0 0 0 255 255 255 0 0 0 0 0 0 0 0 0 255 255
8 255 0 0 0 0 0 0 0 0 0 255 255 0 0 0 255 255 255 255 255 0 0 0 0 0 0 0 255 255 255 255 255 0 0 0 0 0 0 0 255 255 255 255 255 0 0 0 0 0 0 0 255 255 255 255 255 0 0 0 0 0 0 0 255 255 255 255 255 0 0 0 0 0 0 0 0 0 255 255 255 0 0 0 0 255 0 0 0 0 0 0 0 0 0 255 255 0 0 0 0 0 255 255 0 0 0 0 0 0 0 0 0 0 255 255 0 0 0 0 0 0 0 0 255 255 255 255 255 0 0 0 0 0 0 0 255 255 255 255 255 0 0 0 0 0 0 0 255 255 255 255 255 0 0 0 0 0 0 0 255 255 255 255 255 0 0 0 0 255 0 0 0 0 0 0 0 0 0 255 255 255 0 0 0 0 0 0 0 0 0 255 255
8 243 133 133 0 0 0 0 0 133 133 243 243 133 0 0 0 0 0 0 0 0 0 116 116 133 0 0 0 0 0 0 0 0 0 116 116 81 0 0 163 163 255 255 163 0 0 37 37 99 0 0 163 163 255 255 163 0 0 99 99 99 0 0 163 163 255 255 163 0 0 99 99 243 60 60 0 0 0 0 0 60 60 243 243 204 0 0 0 0 0 0 0 0 0 191 191 37 0 0 177 177 255 255 177 0 0 37 37 37 0 0 177 177 255 255 177 0 0 37 37 0 0 0 255 255 255 255 255 0 0 0 0 0 0 0 163 163 255 255 163 0 0 0 0 0 0 0 163 163 255 255 163 0 0 0 0 133 0 0 0 0 0 0 0 0 0 133 133 255 148 148 37 37 0 0 0 148 148 255 255 255 148 148 37 37 0 0 0 148 148 255 255
8 255 148 148 37 37 0 0 37 148 148 255 255 163 0 0 0 0 0 0 0 0 0 148 148 163 0 0 0 0 0 0 0 0 0 148 148 81 0 0 204 204 255 255 217 0 0 81 81 133 0 0 204 204 255 255 204 0 0 116 116 133 0 0 204 204 255 255 204 0 0 116 116 243 60 60 0 0 0 0 0 81 81 243 243 204 0 0 0 0 0 0 0 0 0 217 217 99 0 0 204 204 255 255 204 0 0 81 81 99 0 0 204 204 255 255 204 0 0 81 81 0 81 81 255 255 255 255 255 81 81 0 0 37 0 0 204 204 255 255 204 0 0 37 37 37 0 0 204 204 255 255 204 0 0 37 37 148 0 0 0 0 0 0 0 0 0 148 148 255 148 148 37 37 0 0 37 148 148 255 255 255 148 148 37 37 0 0 37 148 148 255 255
8 255 204 204 60 0 0 0 99 99 217 255 255 191 0 0 0 0 0 0 0 0 0 243 243 37 0 0 0 0 0 0 0 0 0 177 177 37 0 0 0 0 0 0 0 0 0 177 177 0 0 0 163 255 255 230 37 37 0 148 148 81 0 0 0 0 0 0 0 0 0 230 230 204 0 0 0 0 0 0 0 0 116 255 255 204 0 0 0 0 0 0 0 0 116 255 255 81 0 0 0 0 0 0 0 0 0 148 148 0 0 0 177 243 243 230 116 116 0 0 0 0 37 37 230 255 255 255 148 148 0 0 0 0 37 37 230 255 255 255 148 148 0 0 0 0 0 0 0 0 0 0 0 0 0 0 0 60 0 0 0 0 0 0 0 0 0 177 177 243 116 116 37 0 0 0 81 81 191 255 255 243 116 116 37 0 0 0 81 81 191 255 255
8 255 217 217 99 0 0 0 81 81 217 255 255 230 0 0 0 0 0 0 0 0 37 255 255 148 0 0 204 255 255 255 99 99 0 255 255 148 0 0 204 255 255 255 99 99 0 255 255 148 0 0 191 255 255 217 81 81 0 255 255 217 0 0 0 0 0 0 37 37 191 255 255 255 99 99 0 0 0 0 0 0 133 255 255 255 99 99 0 0 0 0 0 0 133 255 255 148 0 0 99 230 230 204 60 60 0 177 177 37 81 81 255 255 255 255 243 243 0 99 99 0 148 148 255 255 255 255 255 255 81 81 81 0 148 148 255 255 255 255 255 255 81 81 81 0 37 37 243 255 255 255 217 217 0 116 116 148 0 0 0 81 81 81 0 0 0 217 217 255 148 148 37 0 0 0 99 99 217 255 255 255 148 148 37 0 0 0 99 99 217 255 255
8 255 255 255 0 0 0 0 0 0 255 255 255 255 0 0 0 255 255 255 0 0 0 255 255 0 0 0 255 255 255 255 255 255 0 0 0 0 0 0 255 255 255 255 255 255 0 0 0 0 0 0 255 255 255 255 255 255 0 0 0 255 0 0 0 255 255 255 0 0 0 255 255 255 255 255 0 0 0 0 0 0 255 255 255 255 255 255 0 0 0 0 0 0 255 255 255 255 0 0 0 255 255 255 0 0 0 255 255 0 0 0 255 255 255 255 255 255 0 0 0 0 0 0 255 255 255 255 255 255 0 0 0 0 0 0 255 255 255 255 255 255 0 0 0 0 0 0 255 255 255 255 255 255 0 0 0 255 0 0 0 255 255 255 0 0 0 255 255 255 255 255 0 0 0 0 0 0 255 255 255 255 255 255 0 0 0 0 0 0 255 255 255
8 255 255 255 0 0 0 0 0 255 255 255 255 255 0 0 255 255 255 255 255 0 0 255 255 0 255 255 255 255 255 255 255 255 255 0 0 0 255 255 255 255 255 255 255 255 255 0 0 0 255 255 255 255 255 255 255 255 255 0 0 255 0 0 255 255 255 255 255 0 0 255 255 255 255 255 0 0 0 0 0 255 255 255 255 255 255 255 0 0 0 0 0 255 255 255 255 255 0 0 255 255 255 255 255 0 0 255 255 0 255 255 255 255 255 255 255 255 255 0 0 0 255 255 255 255 255 255 255 255 255 0 0 0 255 255 255 255 255 255 255 255 255 0 0 0 255 255 255 255 255 255 255 255 255 0 0 255 0 0 255 255 255 255 255 0 0 255 255 255 255 255 0 0 0 0 0 255 255 255 255 255 255 255 0 0 0 0 0 255 255 255 255
8 255 133 133 0 0 0 0 37 191 191 255 255 148 0 0 163 163 243 243 81 0 0 230 230 148 0 0 163 163 243 243 81 0 0 230 230 99 0 0 204 204 255 255 148 0 0 230 230 191 0 0 60 60 217 217 37 116 116 255 255 191 0 0 60 60 217 217 37 116 116 255 255 255 133 133 0 0 0 0 0 230 230 255 255 255 133 133 0 0 0 0 0 230 230 255 255 116 0 0 204 204 177 177 0 0 0 217 217 0 116 116 255 255 255 255 191 0 0 99 99 0 116 116 255 255 255 255 191 0 0 99 99 0 148 148 255 255 255 255 255 0 0 81 81 0 37 37 230 230 255 255 148 0 0 191 191 0 37 37 230 230 255 255 148 0 0 191 191 217 99 99 0 0 0 0 60 191 191 255 255 217 99 99 0 0 0 0 60 191 191 255 255
8 255 163 163 37 37 0 0 37 177 177 255 255 204 0 0 204 204 255 255 177 0 0 217 217 204 0 0 204 204 255 255 177 0 0 217 217 163 37 37 255 255 255 255 255 0 0 204 204 230 0 0 99 99 243 243 133 81 81 255 255 230 0 0 99 99 243 243 133 81 81 255 255 255 204 204 0 0 0 0 37 230 230 255 255 255 204 204 0 0 0 0 37 230 230 255 255 217 37 37 204 204 230 230 81 0 0 217 217 37 177 177 255 255 255 255 255 81 81 99 99 37 177 177 255 255 255 255 255 81 81 99 99 0 204 204 255 255 255 255 255 148 148 81 81 81 60 60 230 230 255 255 204 37 37 148 148 81 60 60 230 230 255 255 204 37 37 148 148 243 116 116 0 0 0 0 37 148 148 255 255 243 116 116 0 0 0 0 37 148 148 255 255
8 255 148 148 37 37 0 0 37 148 148 255 255 133 0 0 177 177 255 255 148 0 0 148 148 133 0 0 177 177 255 255 148 0 0 148 148 0 0 0 255 255 255 255 255 0 0 81 81 0 0 0 255 255 255 255 243 0 0 81 81 0 0 0 255 255 255 255 243 0 0 81 81 133 0 0 116 116 243 243 116 0 0 148 148 243 60 60 0 0 0 0 0 81 81 255 255 81 0 0 163 163 255 255 163 0 0 116 116 81 0 0 163 163 255 255 163 0 0 116 116 0 81 81 255 255 255 255 255 37 37 0 0 0 81 81 255 255 255 255 255 60 60 0 0 0 81 81 255 255 255 255 255 60 60 0 0 81 0 0 204 204 255 255 163 0 0 133 133 243 116 116 0 0 0 0 37 148 148 255 255 243 116 116 0 0 0 0 37 148 148 255 255
8 230 99 99 0 0 0 0 81 81 217 217 0 60 116 116 243 243 255 255 163 163 0 0 0 60 116 116 243 243 255 255 163 163 0 0 0 0 204 204 255 255 255 255 255 255 0 0 0 133 99 99 230 230 243 243 116 116 81 81 0 133 99 99 230 230 243 243 116 116 81 81 0 255 81 81 0 0 0 0 60 60 243 243 0 255 81 81 0 0 0 0 60 60 243 243 0 81 116 116 230 230 243 243 148 148 60 60 0 0 243 243 255 255 255 255 255 255 60 60 0 0 243 243 255 255 255 255 255 255 60 60 0 0 255 255 255 255 255 255 255 255 60 60 0 37 116 116 243 243 255 255 163 163 0 0 0 37 116 116 243 243 255 255 163 163 0 0 0 230 99 99 0 0 0 0 81 81 217 217 0 230 99 99 0 0 0 0 81 81 217 217 0
8 255 148 148 37 37 0 0 0 116 116 243 243 133 0 0 217 217 243 243 81 0 0 116 116 133 0 0 217 217 243 243 81 0 0 116 116 0 0 0 255 255 255 255 148 0 0 99 99 0 0 0 81 81 230 230 60 37 37 217 217 0 0 0 81 81 230 230 60 37 37 217 217 177 0 0 0 0 0 0 0 204 204 255 255 255 133 133 0 0 0 0 0 0 0 177 177 116 0 0 204 204 148 148 0 0 0 0 0 116 0 0 204 204 148 148 0 0 0 0 0 0 81 81 255 255 255 255 204 0 0 0 0 0 81 81 255 255 255 255 255 0 0 0 0 0 81 81 255 255 255 255 255 0 0 0 0 0 0 0 204 204 255 255 148 0 0 133 133 204 99 99 0 0 0 0 60 163 163 255 255 204 99 99 0 0 0 0 60 163 163 255 255
8 255 148 148 37 37 0 0 37 148 148 255 255 133 37 37 230 230 255 255 163 0 0 177 177 133 37 37 230 230 255 255 163 0 0 177 177 81 133 133 255 255 255 255 255 0 0 148 148 99 0 0 217 217 255 255 230 0 0 230 230 99 0 0 217 217 255 255 230 0 0 230 230 217 37 37 0 0 116 116 116 217 217 255 255 255 163 163 99 99 0 0 0 133 133 243 243 116 148 148 255 255 255 255 148 0 0 99 99 116 148 148 255 255 255 255 148 0 0 99 99 0 243 243 255 255 255 255 255 133 133 0 0 0 243 243 255 255 255 255 255 148 148 0 0 0 243 243 255 255 255 255 255 148 148 0 0 0 116 116 230 230 255 255 204 0 0 133 133 217 99 99 0 0 0 0 60 177 177 255 255 217 99 99 0 0 0 0 60 177 177 255 255
9 243 116 116 0 0 0 0 81 217 217 255 255 81 0 0 0 0 0 0 0 0 0 217 217 0 0 0 204 204 243 243 116 0 0 99 99 0 0 0 204 204 243 243 116 0 0 99 99 0 81 81 255 255 255 255 230 0 0 0 0 0 81 81 255 255 255 255 243 0 0 0 0 0 0 0 204 204 255 255 133 0 0 0 0 0 0 0 204 204 255 255 133 0 0 0 0 60 0 0 0 0 0 0 0 0 0 0 0 243 116 116 0 0 0 0 133 0 0 0 0 255 255 255 255 255 255 255 230 0 0 0 0 255 255 255 255 255 255 255 230 0 0 0 0 37 0 0 217 217 255 255 116 0 0 116 116 60 0 0 0 0 0 0 0 0 0 230 230 243 99 99 0 0 0 0 99 217 217 255 255 243 99 99 0 0 0 0 99 217 217 255 255
9 255 255 255 0 0 0 0 0 255 255 255 255 255 0 0 255 255 255 255 255 0 0 255 255 0 255 255 255 255 255 255 255 255 255 0 0 0 255 255 255 255 255 255 255 255 255 0 0 0 255 255 255 255 255 255 255 255 255 0 0 0 255 255 255 255 255 255 255 255 255 0 0 0 255 255 255 255 255 255 255 255 255 0 0 0 255 255 255 255 255 255 255 255 255 0 0 255 0 0 255 255 255 255 255 0 0 0 0 255 255 255 0 0 0 0 0 255 255 0 0 255 255 255 255 255 255 255 255 255 255 0 0 255 255 255 255 255 255 255 255 255 255 0 0 0 255 255 255 255 255 255 255 255 255 0 0 255 0 0 255 255 255 255 255 0 0 255 255 255 255 255 0 0 0 0 0 255 255 255 255 255 255 255 0 0 0 0 0 255 255 255 255
9 217 99 99 0 0 0 0 81 81 217 217 0 0 0 0 0 0 0 0 0 0 0 0 0 0 0 0 0 0 0 0 0 0 0 0 0 0 99 99 243 243 243 243 37 37 0 0 0 0 99 99 255 255 255 255 116 116 0 0 0 0 99 99 255 255 255 255 116 116 0 0 0 0 0 0 0 0 0 0 0 0 0 0 0 0 0 0 0 0 0 0 0 0 0 0 0 148 0 0 0 0 37 37 60 60 0 0 0 255 255 255 255 255 255 255 99 99 0 0 0 255 255 255 255 255 255 255 99 99 0 0 0 204 255 255 255 255 163 163 0 0 0 0 0 0 0 0 0 0 0 0 0 0 148 148 0 0 0 0 0 0 0 0 0 0 148 148 0 99 0 0 0 0 60 60 177 177 255 255 0 99 0 0 0 0 60 60 177 177 255 255 0
9 217 99 99 0 0 0 0 99 99 243 243 0 0 116 116 243 243 243 243 60 60 81 81 0 0 116 116 243 243 243 243 60 60 81 81 0 0 243 243 255 255 255 255 191 191 0 0 0 0 255 255 255 255 255 255 243 243 0 0 0 0 255 255 255 255 255 255 243 243 0 0 0 0 148 148 255 255 243 243 177 177 0 0 0 0 148 148 255 255 243 243 177 177 0 0 0 177 37 37 0 0 0 0 116 116 0 0 0 255 255 255 255 255 255 255 217 217 0 0 0 255 255 255 255 255 255 255 217 217 0 0 0 255 255 255 255 255 255 255 148 148 37 37 0 204 255 255 255 255 163 163 0 0 191 191 0 204 255 255 255 255 163 163 0 0 191 191 0 60 0 0 0 0 60 60 191 191 255 255 0 60 0 0 0 0 60 60 191 191 255 255 0
9 243 116 116 0 0 0 0 133 133 255 255 0 81 0 0 230 230 163 163 0 0 133 133 0 81 0 0 230 230 163 163 0 0 133 133 0 0 0 0 255 255 255 255 0 0 0 0 0 0 0 0 255 255 255 255 60 60 0 0 0 0 0 0 255 255 255 255 60 60 0 0 0 0 0 0 255 255 255 255 81 81 0 0 0 0 0 0 163 163 255 255 60 60 0 0 0 217 37 37 0 0 81 81 0 0 0 0 0 217 37 37 0 0 81 81 0 0 0 0 0 255 255 255 255 255 177 177 0 0 116 116 0 255 255 255 217 217 0 0 0 0 243 243 0 255 255 255 217 217 0 0 0 0 243 243 0 217 116 116 0 0 60 60 217 217 255 255 0 0 99 99 177 177 255 255 255 255 255 255 0 0 99 99 177 177 255 255 255 255 255 255 0
9 255 0 0 0 0 0 0 255 255 255 255 0 255 0 0 255 255 255 255 0 0 255 255 0 255 0 0 255 255 255 255 0 0 255 255 0 0 255 255 255 255 255 255 255 255 0 0 0 0 255 255 255 255 255 255 255 255 0 0 0 0 255 255 255 255 255 255 255 255 0 0 0 0 255 255 255 255 255 255 255 255 0 0 0 255 0 0 255 255 255 255 0 0 0 0 0 255 255 255 0 0 0 0 255 255 0 0 0 255 255 255 0 0 0 0 255 255 0 0 0 255 255 255 255 255 255 255 0 0 255 255 0 255 255 255 255 255 255 255 0 0 255 255 0 255 255 255 255 255 255 255 0 0 255 255 0 255 255 255 0 0 0 0 255 255 255 255 0 0 0 0 255 255 255 255 255 255 255 255 0 0 0 0 255 255 255 255 255 255 255 255 0
9 255 204 204 99 0 0 0 81 81 217 255 255 204 0 0 0 0 0 0 0 0 0 243 243 204 0 0 0 0 0 0 0 0 0 243 243 116 0 0 116 255 255 243 99 99 0 163 163 99 0 0 133 255 255 255 163 163 0 99 99 99 0 0 133 255 255 255 163 163 0 99 99 177 0 0 0 0 0 0 0 0 0 81 81 177 0 0 0 0 0 0 0 0 0 81 81 255 148 148 37 0 0 81 116 116 0 99 99 255 255 255 255 255 255 255 133 133 0 148 148 255 255 255 255 255 255 255 133 133 0 148 148 255 255 255 255 243 243 177 0 0 0 230 230 255 0 0 0 0 0 0 0 0 133 255 255 255 0 0 0 0 0 0 0 0 133 255 255 255 0 0 0 0 0 99 191 191 255 255 255 255 0 0 0 0 0 99 191 191 255 255 255
9 230 99 99 0 0 0 0 99 99 217 217 0 37 116 116 243 243 243 243 116 116 37 37 0 37 116 116 243 243 243 243 116 116 37 37 0 0 255 255 255 255 255 255 255 255 0 0 0 0 255 255 255 255 255 255 255 255 81 81 0 0 255 255 255 255 255 255 255 255 81 81 0 0 148 148 255 255 243 243 148 148 0 0 0 0 148 148 255 255 243 243 148 148 0 0 0 191 37 37 0 0 0 0 148 148 60 60 0 255 255 255 255 255 255 255 255 255 0 0 0 255 255 255 255 255 255 255 255 255 0 0 0 255 255 255 255 255 255 255 163 163 0 0 0 255 255 255 230 230 148 148 0 0 191 191 0 255 255 255 230 230 148 148 0 0 191 191 0 81 0 0 37 37 116 116 217 217 255 255 0 81 0 0 37 37 116 116 217 217 255 255 0
9 255 255 0 0 0 0 0 0 0 255 255 255 255 0 0 0 255 255 255 255 0 0 255 255 0 0 255 255 255 255 255 255 255 0 0 0 0 0 255 255 255 255 255 255 255 0 0 0 0 0 255 255 255 255 255 255 255 0 0 0 0 0 255 255 255 255 255 255 255 0 0 0 0 0 255 255 255 255 255 255 255 0 0 0 0 0 255 255 255 255 255 255 255 0 0 0 255 0 0 0 255 255 255 255 0 0 0 0 255 255 0 0 0 0 0 0 255 0 0 0 255 255 255 255 255 255 255 255 255 0 0 0 255 255 255 255 255 255 255 255 255 0 0 0 255 255 255 255 255 255 255 255 0 0 255 255 255 255 255 255 255 0 0 0 0 255 255 255 255 0 0 0 0 0 255 255 255 255 255 255 255 0 0 0 0 0 255 255 255 255 255 255
9 255 255 255 0 0 0 0 0 0 255 255 255 255 0 0 255 255 255 255 255 255 0 255 255 0 255 255 255 255 255 255 255 255 255 0 0 0 255 255 255 255 255 255 255 255 255 0 0 0 255 255 255 255 255 255 255 255 255 0 0 0 255 255 255 255 255 255 255 255 255 0 0 0 255 255 255 255 255 255 255 255 255 0 0 0 255 255 255 255 255 255 255 255 255 0 0 255 0 0 255 255 255 255 255 255 0 0 0 255 255 255 0 0 0 0 0 0 255 0 0 255 255 255 255 255 255 255 255 255 255 0 0 255 255 255 255 255 255 255 255 255 255 0 0 255 255 255 255 255 255 255 255 255 0 255 255 255 255 255 255 255 255 255 0 0 255 255 255 255 0 0 0 0 0 0 255 255 255 255 255 255 0 0 0 0 0 0 255 255 255 255 255
9 255 255 0 0 0 0 0 0 0 255 255 255 255 0 0 0 255 255 255 255 0 0 255 255 0 0 255 255 255 255 255 255 255 0 0 0 0 0 255 255 255 255 255 255 255 0 0 0 0 0 255 255 255 255 255 255 255 0 0 0 0 0 255 255 255 255 255 255 255 0 0 0 0 0 255 255 255 255 255 255 255 0 0 0 0 0 255 255 255 255 255 255 255 0 0 0 255 0 0 0 255 255 255 255 255 0 0 0 255 255 0 0 0 0 0 0 0 0 0 0 255 255 255 255 255 255 255 255 255 0 0 0 255 255 255 255 255 255 255 255 255 0 0 0 255 255 255 255 255 255 255 255 0 0 255 255 255 255 255 255 255 255 0 0 0 255 255 255 255 0 0 0 0 0 0 0 255 255 255 255 255 0 0 0 0 0 0 0 255 255 255 255
9 255 255 255 0 0 0 0 0 0 255 255 255 255 0 0 255 255 255 255 255 255 0 255 255 0 255 255 255 255 255 255 255 255 255 0 0 0 255 255 255 255 255 255 255 255 255 0 0 0 255 255 255 255 255 255 255 255 255 0 0 0 255 255 255 255 255 255 255 255 255 0 0 0 255 255 255 255 255 255 255 255 255 0 0 0 255 255 255 255 255 255 255 255 255 0 0 255 0 0 255 255 255 255 255 255 0 0 0 255 255 255 0 0 0 0 0 0 255 0 0 255 255 255 255 255 255 255 255 255 255 0 0 255 255 255 255 255 255 255 255 255 255 0 0 255 255 255 255 255 255 255 255 255 0 255 255 255 255 255 255 255 255 255 0 0 255 255 255 255 0 0 0 0 0 0 255 255 255 255 255 255 0 0 0 0 0 0 255 255 255 255 255
9 255 148 148 37 37 0 0 0 133 133 243 243 116 0 0 0 0 0 0 0 0 0 99 99 116 0 0 0 0 0 0 0 0 0 99 99 0 0 0 133 133 255 255 163 0 0 0 0 0 0 0 204 204 255 255 255 0 0 0 0 0 0 0 204 204 255 255 255 0 0 0 0 0 0 0 148 148 255 255 191 0 0 0 0 37 0 0 0 0 0 0 0 0 0 0 0 217 99 99 0 0 0 0 177 0 0 0 0 217 99 99 0 0 0 0 177 0 0 0 0 255 255 255 255 255 255 255 204 0 0 0 0 204 243 243 255 255 204 204 60 0 0 37 37 204 243 243 255 255 204 204 60 0 0 37 37 81 0 0 0 0 0 0 0 0 0 217 217 148 0 0 0 0 0 0 99 217 217 255 255 148 0 0 0 0 0 0 99 217 217 255 255
9 255 148 148 0 0 0 0 60 217 217 255 255 133 60 60 230 230 255 255 163 0 0 230 230 133 60 60 230 230 255 255 163 0 0 230 230 0 204 204 255 255 255 255 255 60 60 163 163 0 255 255 255 255 255 255 255 148 148 81 81 0 255 255 255 255 255 255 255 148 148 81 81 0 217 217 255 255 255 255 255 116 116 81 81 81 60 60 230 230 255 255 163 0 0 81 81 243 116 116 0 0 0 0 116 133 133 81 81 243 116 116 0 0 0 0 116 133 133 81 81 255 255 255 255 255 255 255 255 99 99 148 148 255 255 255 255 255 255 255 230 0 0 230 230 255 255 255 255 255 255 255 230 0 0 230 230 133 230 230 255 255 204 204 60 133 133 255 255 148 0 0 0 0 37 37 163 255 255 255 255 148 0 0 0 0 37 37 163 255 255 255 255
9 204 60 60 0 0 0 0 148 148 255 255 0 0 116 116 255 255 204 204 0 0 148 148 0 0 116 116 255 255 204 204 0 0 148 148 0 0 243 243 255 255 255 255 148 148 0 0 0 0 230 230 255 255 255 255 148 148 0 0 0 0 230 230 255 255 255 255 148 148 0 0 0 0 116 116 255 255 191 191 0 0 0 0 0 0 116 116 255 255 191 191 0 0 0 0 0 217 60 60 0 0 37 37 133 133 0 0 0 255 255 255 255 255 255 255 116 116 0 0 0 255 255 255 255 255 255 255 116 116 0 0 0 255 255 255 255 255 217 217 0 0 60 60 0 255 255 255 177 177 0 0 37 37 217 217 0 255 255 255 177 177 0 0 37 37 217 217 0 0 0 0 37 37 148 148 243 243 255 255 0 0 0 0 37 37 148 148 243 243 255 255 0
9 255 0 0 0 0 0 0 0 0 255 255 0 0 255 255 255 255 255 255 255 255 0 0 0 0 255 255 255 255 255 255 255 255 0 0 0 0 255 255 255 255 255 255 255 255 0 0 0 0 255 255 255 255 255 255 255 255 0 0 0 0 255 255 255 255 255 255 255 255 0 0 0 0 255 255 255 255 255 255 0 0 0 0 0 0 255 255 255 255 255 255 0 0 0 0 0 255 0 0 0 0 0 0 255 255 0 0 0 255 255 255 255 255 255 255 255 255 0 0 0 255 255 255 255 255 255 255 255 255 0 0 0 255 255 255 255 255 255 255 0 0 255 255 0 255 255 255 255 255 0 0 255 255 255 255 0 255 255 255 255 255 0 0 255 255 255 255 0 0 0 0 0 0 255 255 255 255 255 255 0 0 0 0 0 0 255 255 255 255 255 255 0
9 255 255 255 0 0 0 0 0 0 255 255 255 255 0 0 0 255 255 255 0 0 0 255 255 0 0 0 255 255 255 255 255 255 0 0 0 0 0 0 255 255 255 255 255 255 0 0 0 0 0 0 255 255 255 255 255 255 0 0 0 0 0 0 255 255 255 255 255 255 0 0 0 0 0 0 255 255 255 255 255 255 0 0 0 0 0 0 255 255 255 255 255 255 0 0 0 255 0 0 0 255 255 255 255 255 0 0 0 255 255 255 0 0 0 0 0 0 0 0 0 255 255 255 255 255 255 255 0 0 0 255 255 255 255 255 255 255 255 255 0 0 0 255 255 255 255 255 255 255 255 255 0 0 0 255 255 255 255 255 255 255 255 0 0 0 255 255 255 255 255 255 0 0 0 0 255 255 255 255 255 255 255 255 0 0 0 0 255 255 255 255 255
9 255 255 255 0 0 0 0 0 255 255 255 255 255 0 0 255 255 255 255 255 0 0 255 255 0 255 255 255 255 255 255 255 255 255 0 0 0 255 255 255 255 255 255 255 255 255 0 0 0 255 255 255 255 255 255 255 255 255 0 0 0 255 255 255 255 255 255 255 255 255 0 0 0 255 255 255 255 255 255 255 255 255 0 0 0 255 255 255 255 255 255 255 255 255 0 0 255 0 0 255 255 255 255 255 0 0 0 0 255 255 255 0 0 0 0 0 255 255 0 0 255 255 255 255 255 255 255 255 0 0 255 255 255 255 255 255 255 255 255 255 0 0 255 255 255 255 255 255 255 255 255 255 0 0 255 255 255 255 255 255 255 255 255 0 255 255 255 255 255 0 0 0 0 0 0 255 255 255 255 255 255 0 0 0 0 0 0 255 255 255 255 255
9 255 148 148 37 37 0 0 0 133 133 243 243 148 0 0 0 0 0 0 0 0 0 99 99 148 0 0 0 0 0 0 0 0 0 99 99 0 0 0 177 177 255 255 230 37 37 0 0 0 0 0 255 255 255 255 255 81 81 0 0 0 0 0 255 255 255 255 255 81 81 0 0 0 0 0 163 163 255 255 230 37 37 0 0 133 0 0 0 0 0 0 0 0 0 0 0 255 148 148 37 37 0 0 0 0 0 0 0 255 148 148 37 37 0 0 0 0 0 0 0 255 255 255 255 255 255 255 133 0 0 116 116 255 255 255 255 255 177 177 0 0 0 243 243 255 255 255 255 255 177 177 0 0 0 243 243 255 243 243 133 133 0 0 0 217 217 255 255 255 243 243 60 60 116 116 230 255 255 255 255 255 243 243 60 60 116 116 230 255 255 255 255
9 255 255 255 0 0 0 0 255 255 255 255 0 255 0 0 255 255 255 255 0 0 255 255 0 255 0 0 255 255 255 255 0 0 255 255 0 0 255 255 255 255 255 255 255 255 0 0 0 0 255 255 255 255 255 255 255 255 0 0 0 0 255 255 255 255 255 255 255 255 0 0 0 0 255 255 255 255 255 255 255 255 0 0 0 255 0 0 255 255 255 255 0 0 0 0 0 255 255 255 0 0 0 0 255 255 0 0 0 255 255 255 0 0 0 0 255 255 0 0 0 255 255 255 255 255 255 255 0 0 255 255 0 255 255 255 255 255 255 255 0 0 255 255 0 255 255 255 255 255 255 255 0 0 255 255 0 255 255 255 255 255 0 0 255 255 255 255 0 255 255 255 0 0 255 255 255 255 255 255 0 255 255 255 0 0 255 255 255 255 255 255 0
9 243 148 148 37 0 0 0 99 99 217 255 255 81 0 0 133 255 255 204 0 0 0 230 230 81 0 0 133 255 255 204 0 0 0 230 230 0 0 0 243 255 255 255 81 81 0 163 163 0 0 0 243 255 255 255 81 81 0 99 99 0 0 0 243 255 255 255 81 81 0 99 99 0 0 0 148 255 255 230 37 37 0 81 81 0 0 0 148 255 255 230 37 37 0 81 81 217 37 37 0 0 0 116 60 60 0 148 148 255 255 255 255 255 255 255 0 0 0 191 191 255 255 255 255 255 255 255 0 0 0 191 191 255 255 255 255 255 255 163 0 0 60 255 255 255 255 255 243 148 148 0 60 60 243 255 255 255 255 255 243 148 148 0 60 60 243 255 255 255 177 177 0 81 81 163 255 255 255 255 255 255 177 177 0 81 81 163 255 255 255 255 255
9 243 116 116 0 0 0 0 37 191 191 255 255 81 60 60 230 230 255 255 163 0 0 230 230 81 60 60 230 230 255 255 163 0 0 230 230 0 204 204 255 255 255 255 255 60 60 133 133 0 204 204 255 255 255 255 255 81 81 81 81 0 204 204 255 255 255 255 255 81 81 81 81 0 99 99 243 243 255 255 204 37 37 81 81 0 99 99 243 243 255 255 204 37 37 81 81 217 37 37 0 0 0 0 116 60 60 133 133 255 255 255 255 255 255 255 255 0 0 177 177 255 255 255 255 255 255 255 255 0 0 177 177 255 255 255 255 255 255 255 163 37 37 255 255 255 255 255 230 230 148 148 0 217 217 255 255 255 255 255 230 230 148 148 0 217 217 255 255 255 163 163 0 0 116 116 230 255 255 255 255 255 163 163 0 0 116 116 230 255 255 255 255
9 255 163 163 37 0 0 0 99 99 204 255 255 163 0 0 0 243 243 133 0 0 0 204 204 0 0 0 163 255 255 255 37 37 0 81 81 0 0 0 163 255 255 255 37 37 0 81 81 0 0 0 204 255 255 255 133 133 0 0 0 0 0 0 204 255 255 255 148 148 0 0 0 0 0 0 133 255 255 255 60 60 0 0 0 0 0 0 133 255 255 255 60 60 0 0 0 133 0 0 0 230 230 163 0 0 0 0 0 255 133 133 0 0 0 60 99 99 0 0 0 255 255 255 255 255 255 255 133 133 0 37 37 255 255 255 255 255 255 255 133 133 0 37 37 255 255 255 255 255 255 243 0 0 0 148 148 177 204 204 255 230 230 60 0 0 60 243 243 133 37 37 0 0 0 60 148 148 243 255 255 133 37 37 0 0 0 60 148 148 243 255 255
9 255 255 255 0 0 0 0 0 255 255 255 255 255 0 0 255 255 255 255 255 0 0 255 255 0 255 255 255 255 255 255 255 255 255 0 0 0 255 255 255 255 255 255 255 255 255 0 0 0 255 255 255 255 255 255 255 255 255 0 0 0 255 255 255 255 255 255 255 255 255 0 0 0 255 255 255 255 255 255 255 255 255 0 0 0 255 255 255 255 255 255 255 255 255 0 0 255 0 0 255 255 255 255 255 0 0 0 0 255 255 255 0 0 0 0 0 255 255 0 0 255 255 255 255 255 255 255 255 255 255 0 0 255 255 255 255 255 255 255 255 255 255 0 0 255 255 255 255 255 255 255 255 0 0 255 255 255 255 255 255 255 255 255 255 0 0 255 255 255 0 0 0 0 0 0 0 255 255 255 255 255 0 0 0 0 0 0 0 255 255 255 255
9 255 255 255 0 0 0 0 0 0 255 255 255 255 0 0 0 0 0 0 0 0 0 255 255 255 0 0 0 0 0 0 0 0 0 255 255 0 0 0 0 255 255 255 0 0 0 0 0 0 0 0 0 255 255 255 0 0 0 0 0 0 0 0 0 255 255 255 0 0 0 0 0 0 0 0 0 255 255 255 0 0 0 0 0 255 0 0 0 0 0 0 0 0 0 0 0 255 255 255 0 0 0 0 0 0 0 0 0 255 255 255 0 0 0 0 0 0 0 0 0 255 255 255 255 255 255 255 0 0 0 0 0 255 255 255 255 255 255 255 0 0 0 0 0 255 255 255 255 255 255 255 0 0 0 0 0 0 0 0 0 255 255 0 0 0 0 255 255 255 0 0 0 0 0 0 0 0 255 255 255 255 0 0 0 0 0 0 0 0 255 255 255
9 255 255 255 0 0 0 0 0 255 255 255 255 255 0 0 0 0 255 255 0 0 0 255 255 255 0 0 0 0 255 255 0 0 0 255 255 0 0 0 255 255 255 255 255 0 0 0 0 0 0 0 255 255 255 255 255 0 0 0 0 0 0 0 255 255 255 255 255 0 0 0 0 0 0 0 255 255 255 255 255 0 0 0 0 255 0 0 0 0 255 255 0 0 0 0 0 255 255 255 0 0 0 0 255 0 0 0 0 255 255 255 0 0 0 0 255 0 0 0 0 255 255 255 255 255 255 255 255 0 0 0 0 255 255 255 255 255 255 255 255 0 0 0 0 255 255 255 255 255 255 255 255 0 0 0 0 0 0 0 255 255 255 255 0 0 0 255 255 255 0 0 0 0 0 0 0 255 255 255 255 255 0 0 0 0 0 0 0 255 255 255 255
9 243 116 116 0 0 0 0 81 81 217 217 0 81 0 0 0 0 0 0 0 0 0 0 0 81 0 0 0 0 0 0 0 0 0 0 0 0 0 0 217 217 243 243 37 37 0 0 0 0 0 0 255 255 255 255 81 81 0 0 0 0 0 0 255 255 255 255 81 81 0 0 0 0 0 0 217 217 243 243 0 0 0 0 0 81 0 0 0 0 0 0 0 0 0 0 0 243 81 81 0 0 0 0 0 0 133 133 0 243 81 81 0 0 0 0 0 0 133 133 0 255 255 255 255 255 37 37 0 0 230 230 0 255 255 255 177 177 0 0 99 99 255 255 0 255 255 255 177 177 0 0 99 99 255 255 0 255 255 255 37 37 0 0 204 204 255 255 0 255 177 177 0 0 37 37 255 255 255 255 0 255 177 177 0 0 37 37 255 255 255 255 0
9 243 116 116 0 0 0 0 81 81 217 217 0 116 0 0 0 0 0 0 0 0 37 37 0 116 0 0 0 0 0 0 0 0 37 37 0 0 37 37 230 230 243 243 81 81 0 0 0 0 133 133 255 255 255 255 191 191 0 0 0 0 133 133 255 255 255 255 191 191 0 0 0 0 133 133 255 255 255 255 191 191 0 0 0 116 37 37 230 230 243 243 81 81 37 37 0 243 81 81 0 0 0 0 0 0 177 177 0 243 81 81 0 0 0 0 0 0 177 177 0 255 255 255 255 255 148 148 37 37 255 255 0 255 255 255 230 230 0 0 177 177 255 255 0 255 255 255 230 230 0 0 177 177 255 255 0 255 255 255 81 81 37 37 255 255 255 255 0 255 191 191 0 0 177 177 255 255 255 255 0 255 191 191 0 0 177 177 255 255 255 255 0
9 255 177 177 60 0 0 0 81 81 217 255 255 116 0 0 0 0 0 0 0 0 0 204 204 0 0 0 0 0 0 0 0 0 0 37 37 0 0 0 0 0 0 0 0 0 0 37 37 0 37 37 217 255 255 243 148 148 0 0 0 0 37 37 230 255 255 243 191 191 0 0 0 0 0 0 0 0 0 0 0 0 0 0 0 0 0 0 0 0 0 0 0 0 0 0 0 60 0 0 0 0 0 0 0 0 0 37 37 243 148 148 37 0 0 37 0 0 0 148 148 255 255 255 255 255 255 177 0 0 0 243 243 255 255 255 255 255 255 177 0 0 0 243 243 255 230 230 177 81 81 0 0 0 204 255 255 133 0 0 0 0 0 37 217 217 255 255 255 133 0 0 99 191 191 255 255 255 255 255 255 133 0 0 99 191 191 255 255 255 255 255 255
9 255 204 204 99 0 0 0 81 81 217 255 255 191 0 0 0 0 0 0 0 0 0 217 217 37 0 0 191 255 255 243 116 116 0 99 99 37 0 0 191 255 255 243 116 116 0 99 99 0 133 133 255 255 255 255 255 255 81 0 0 0 148 148 255 255 255 255 255 255 148 0 0 0 0 0 191 255 255 243 177 177 0 0 0 163 0 0 0 0 0 0 0 0 0 60 60 255 191 191 60 0 0 37 116 116 0 133 133 255 191 191 60 0 0 37 116 116 0 133 133 255 255 255 255 255 255 255 81 81 0 217 217 255 255 255 255 255 255 177 0 0 81 255 255 255 255 255 243 133 133 0 0 0 243 255 255 243 99 99 0 0 0 81 243 243 255 255 255 243 99 99 0 0 0 81 243 243 255 255 255 217 0 0 99 204 204 255 255 255 255 255 255
9 255 255 255 0 0 0 0 0 0 255 255 255 255 0 0 0 255 255 255 0 0 0 255 255 0 0 0 255 255 255 255 255 255 0 0 0 0 0 0 255 255 255 255 255 255 0 0 0 0 0 0 255 255 255 255 255 255 0 0 0 0 0 0 255 255 255 255 255 255 0 0 0 0 0 0 255 255 255 255 255 255 0 0 0 0 0 0 255 255 255 255 255 255 0 0 0 255 0 0 0 255 255 255 0 0 0 0 0 255 255 255 0 0 0 0 0 0 0 0 0 255 255 255 255 255 255 255 255 255 0 0 0 255 255 255 255 255 255 255 255 255 0 0 0 0 0 0 255 255 255 255 255 255 0 0 0 255 0 0 0 255 255 255 0 0 0 255 255 255 255 255 0 0 0 0 0 0 255 255 255 255 255 255 0 0 0 0 0 0 255 255 255
9 255 255 255 0 0 0 0 0 255 255 255 255 255 0 0 255 255 255 255 255 0 0 255 255 0 255 255 255 255 255 255 255 255 255 0 0 0 255 255 255 255 255 255 255 255 255 0 0 0 255 255 255 255 255 255 255 255 255 0 0 0 255 255 255 255 255 255 255 255 255 0 0 0 255 255 255 255 255 255 255 255 255 0 0 0 255 255 255 255 255 255 255 255 255 0 0 255 0 0 255 255 255 255 255 0 0 0 0 255 255 255 0 0 0 0 0 255 255 0 0 255 255 255 255 255 255 255 255 255 255 0 0 255 255 255 255 255 255 255 255 255 255 0 0 0 255 255 255 255 255 255 255 255 255 0 0 255 0 0 255 255 255 255 255 0 0 255 255 255 255 255 0 0 0 0 0 255 255 255 255 255 255 255 0 0 0 0 0 255 255 255 255
9 243 116 116 0 0 0 0 81 81 217 217 0 60 37 37 230 230 230 230 37 37 0 0 0 60 37 37 230 230 230 230 37 37 0 0 0 0 148 148 255 255 255 255 177 177 0 0 0 0 133 133 255 255 255 255 204 204 0 0 0 0 133 133 255 255 255 255 204 204 0 0 0 0 0 0 204 204 255 255 148 148 0 0 0 0 0 0 204 204 255 255 148 148 0 0 0 217 60 60 0 0 0 0 99 99 0 0 0 255 255 255 255 255 255 255 148 148 0 0 0 255 255 255 255 255 255 255 148 148 0 0 0 255 255 255 255 255 243 243 0 0 81 81 0 255 243 243 177 177 0 0 60 60 243 243 0 255 243 243 177 177 0 0 60 60 243 243 0 217 0 0 81 81 163 163 243 243 255 255 0 217 0 0 81 81 163 163 243 243 255 255 0
9 255 133 133 0 0 0 0 60 191 191 255 255 133 60 60 230 230 255 255 163 0 0 204 204 133 60 60 230 230 255 255 163 0 0 204 204 0 191 191 255 255 255 255 255 81 81 99 99 0 177 177 255 255 255 255 255 148 148 81 81 0 177 177 255 255 255 255 255 148 148 81 81 81 0 0 204 204 255 255 230 37 37 81 81 81 0 0 204 204 255 255 230 37 37 81 81 243 99 99 0 0 0 0 116 116 116 81 81 255 255 255 255 255 255 255 255 37 37 163 163 255 255 255 255 255 255 255 255 37 37 163 163 255 255 255 255 255 255 255 163 0 0 243 243 255 255 255 204 204 99 99 0 191 191 255 255 255 255 255 204 204 99 99 0 191 191 255 255 255 0 0 60 60 133 133 230 255 255 255 255 255 0 0 60 60 133 133 230 255 255 255 255
9 243 116 116 0 0 0 0 60 191 191 255 255 60 0 0 217 217 255 255 116 0 0 191 191 60 0 0 217 217 255 255 116 0 0 191 191 0 81 81 255 255 255 255 243 0 0 60 60 0 81 81 255 255 255 255 255 37 37 0 0 0 81 81 255 255 255 255 255 37 37 0 0 37 0 0 217 217 255 255 217 37 37 0 0 37 0 0 217 217 255 255 217 37 37 0 0 217 99 99 0 0 0 0 0 0 0 0 0 255 255 255 255 255 255 255 255 0 0 60 60 255 255 255 255 255 255 255 255 0 0 60 60 255 255 255 255 255 255 255 191 0 0 148 148 191 255 255 255 255 191 191 0 60 60 243 243 191 255 255 255 255 191 191 0 60 60 243 243 60 0 0 0 0 37 37 148 243 243 255 255 60 0 0 0 0 37 37 148 243 243 255 255
9 243 99 99 0 0 0 0 116 116 243 243 0 81 116 116 243 243 243 243 116 116 81 81 0 81 116 116 243 243 243 243 116 116 81 81 0 0 243 243 255 255 255 255 243 243 0 0 0 0 255 255 255 255 255 255 255 255 81 81 0 0 255 255 255 255 255 255 255 255 81 81 0 37 148 148 255 255 255 255 191 191 37 37 0 37 148 148 255 255 255 255 191 191 37 37 0 217 99 99 0 0 0 0 99 99 37 37 0 255 255 255 255 255 255 255 255 255 0 0 0 255 255 255 255 255 255 255 255 255 0 0 0 255 255 255 255 255 255 255 177 177 0 0 0 255 255 255 255 255 177 177 0 0 177 177 0 255 255 255 255 255 177 177 0 0 177 177 0 37 0 0 0 0 60 60 191 191 255 255 0 37 0 0 0 0 60 60 191 191 255 255 0
9 243 116 116 0 0 0 0 37 191 191 255 255 37 0 0 217 217 255 255 148 0 0 177 177 37 0 0 217 217 255 255 148 0 0 177 177 0 81 81 255 255 255 255 255 0 0 0 0 0 81 81 255 255 255 255 255 0 0 0 0 0 81 81 255 255 255 255 255 0 0 0 0 0 0 0 177 177 255 255 177 0 0 0 0 191 37 37 0 0 37 37 116 0 0 0 0 255 255 255 255 255 255 255 177 0 0 0 0 255 255 255 255 255 255 255 177 0 0 0 0 255 255 255 255 255 255 255 81 0 0 133 133 255 255 255 255 255 116 116 0 60 60 243 243 255 255 255 255 255 116 116 0 60 60 243 243 255 191 191 81 81 0 0 81 243 243 255 255 81 60 60 116 116 204 204 255 255 255 255 255 81 60 60 116 116 204 204 255 255 255 255 255
9 255 133 133 0 0 0 0 81 217 217 255 255 116 60 60 230 230 243 243 116 0 0 230 230 116 60 60 230 230 243 243 116 0 0 230 230 0 204 204 255 255 255 255 255 60 60 116 116 0 204 204 255 255 255 255 255 148 148 0 0 0 204 204 255 255 255 255 255 148 148 0 0 0 177 177 255 255 255 255 255 133 133 0 0 81 0 0 204 204 255 255 204 37 37 37 37 243 116 116 0 0 0 0 133 60 60 116 116 243 116 116 0 0 0 0 133 60 60 116 116 255 255 255 255 255 255 255 204 0 0 230 230 255 255 255 255 255 243 243 37 163 163 255 255 255 255 255 255 255 243 243 37 163 163 255 255 255 255 255 204 204 0 0 163 255 255 255 255 191 99 99 133 133 230 230 255 255 255 255 255 191 99 99 133 133 230 230 255 255 255 255 255
